index,File,AvgCyclomatic,AvgCyclomaticModified,AvgCyclomaticStrict,AvgEssential,AvgLine,AvgLineBlank,AvgLineCode,AvgLineComment,CountDeclClass,CountDeclClassMethod,CountDeclClassVariable,CountDeclExecutableUnit,CountDeclFunction,CountDeclInstanceMethod,CountDeclInstanceVariable,CountDeclMethod,CountDeclMethodDefault,CountDeclMethodPrivate,CountDeclMethodProtected,CountDeclMethodPublic,CountLine,CountLineBlank,CountLineCode,CountLineCodeDecl,CountLineCodeExe,CountLineComment,CountSemicolon,CountStmt,CountStmtDecl,CountStmtExe,MaxCyclomatic,MaxCyclomaticModified,MaxCyclomaticStrict,MaxEssential,MaxNesting,RatioCommentToCode,SumCyclomatic,SumCyclomaticModified,SumCyclomaticStrict,SumEssential,Bugs,human_bugs
0,DirectoryStream.java,0.0,0.0,0.0,0.0,0.0,0.0,0.0,0.0,2.0,0.0,0.0,0.0,3.0,3.0,0.0,3.0,1.0,0.0,0.0,2.0,54.0,7.0,13.0,11.0,0.0,34.0,7.0,9.0,9.0,0.0,0.0,0.0,0.0,0.0,0.0,2.62,0.0,0.0,0.0,0.0,14.0,0
1,ProxyCredentialImplementation.java,1.0,1.0,1.0,1.0,9.0,0.0,4.0,5.0,1.0,0.0,0.0,4.0,4.0,4.0,2.0,4.0,0.0,0.0,0.0,4.0,80.0,8.0,23.0,11.0,7.0,49.0,10.0,15.0,9.0,6.0,1.0,1.0,1.0,1.0,0.0,2.13,4.0,4.0,4.0,4.0,8.0,0
2,InteractiveProcessFactory.java,0.0,0.0,0.0,0.0,0.0,0.0,0.0,0.0,1.0,0.0,0.0,0.0,1.0,1.0,0.0,1.0,0.0,0.0,0.0,1.0,29.0,4.0,6.0,5.0,0.0,19.0,4.0,5.0,5.0,0.0,0.0,0.0,0.0,0.0,0.0,3.17,0.0,0.0,0.0,0.0,14.0,0
3,FileExists.java,4.0,4.0,4.0,1.0,43.0,10.0,26.0,8.0,1.0,1.0,0.0,1.0,1.0,0.0,0.0,1.0,0.0,0.0,0.0,1.0,84.0,15.0,38.0,20.0,21.0,32.0,26.0,31.0,20.0,11.0,4.0,4.0,4.0,1.0,2.0,0.84,4.0,4.0,4.0,1.0,13.0,0
4,SchedulerImplementationTest.java,1.0,1.0,1.0,1.0,12.0,2.0,9.0,1.0,1.0,0.0,0.0,6.0,6.0,6.0,0.0,6.0,0.0,0.0,0.0,6.0,115.0,27.0,69.0,30.0,39.0,30.0,32.0,39.0,18.0,21.0,1.0,1.0,1.0,1.0,0.0,0.43,6.0,6.0,6.0,6.0,10.0,0
5,OctopusEngine.java,1.0,1.0,1.0,1.0,8.0,1.0,5.0,2.0,1.0,4.0,7.0,19.0,19.0,15.0,7.0,19.0,0.0,2.0,0.0,17.0,281.0,60.0,153.0,69.0,65.0,68.0,86.0,121.0,67.0,54.0,4.0,4.0,4.0,3.0,2.0,0.44,31.0,31.0,31.0,25.0,16.0,0
6,Jobs.java,0.0,0.0,0.0,0.0,0.0,0.0,0.0,0.0,1.0,0.0,0.0,0.0,15.0,15.0,0.0,15.0,0.0,0.0,0.0,15.0,362.0,18.0,34.0,33.0,0.0,310.0,31.0,32.0,32.0,0.0,0.0,0.0,0.0,0.0,0.0,9.12,0.0,0.0,0.0,0.0,18.0,0
7,CredentialImplementation.java,1.0,1.0,1.0,1.0,5.0,0.0,3.0,1.0,1.0,0.0,0.0,6.0,6.0,6.0,5.0,6.0,0.0,0.0,1.0,5.0,83.0,15.0,35.0,18.0,10.0,33.0,18.0,25.0,15.0,10.0,1.0,1.0,1.0,1.0,0.0,0.94,6.0,6.0,6.0,6.0,16.0,0
8,AbsolutePathImplementationTest.java,1.0,1.0,1.0,1.0,6.0,0.0,5.0,0.0,1.0,0.0,0.0,23.0,23.0,23.0,1.0,23.0,0.0,0.0,0.0,23.0,223.0,51.0,156.0,91.0,73.0,19.0,83.0,107.0,66.0,41.0,1.0,1.0,1.0,1.0,0.0,0.12,23.0,23.0,23.0,23.0,1.0,0
9,LocalUtils.java,2.0,2.0,2.0,1.0,11.0,1.0,8.0,2.0,1.0,20.0,2.0,20.0,20.0,0.0,0.0,20.0,19.0,1.0,0.0,0.0,311.0,53.0,193.0,58.0,104.0,67.0,89.0,134.0,60.0,74.0,9.0,4.0,9.0,1.0,2.0,0.35,50.0,44.0,50.0,20.0,37.0,0
10,AttributeNotSupportedException.java,1.0,1.0,1.0,1.0,3.0,0.0,3.0,0.0,1.0,0.0,1.0,2.0,2.0,2.0,0.0,2.0,0.0,0.0,0.0,2.0,30.0,5.0,10.0,5.0,3.0,15.0,4.0,7.0,5.0,2.0,1.0,1.0,1.0,1.0,0.0,1.5,2.0,2.0,2.0,2.0,11.0,0
11,OctopusFactory.java,1.0,1.0,1.0,1.0,13.0,0.0,2.0,10.0,1.0,3.0,0.0,4.0,4.0,1.0,0.0,4.0,1.0,0.0,0.0,3.0,87.0,7.0,17.0,9.0,3.0,63.0,7.0,12.0,9.0,3.0,1.0,1.0,1.0,1.0,0.0,3.71,4.0,4.0,4.0,4.0,7.0,0
12,GridEngineParserTest.java,1.0,1.0,1.0,1.0,10.0,3.0,6.0,0.0,1.0,0.0,0.0,6.0,6.0,6.0,0.0,6.0,0.0,0.0,0.0,6.0,105.0,32.0,56.0,40.0,26.0,17.0,36.0,43.0,34.0,9.0,1.0,1.0,1.0,1.0,0.0,0.3,6.0,6.0,6.0,6.0,4.0,0
13,ConnectionLostException.java,1.0,1.0,1.0,1.0,3.0,0.0,3.0,0.0,1.0,0.0,1.0,2.0,2.0,2.0,0.0,2.0,0.0,0.0,0.0,2.0,29.0,4.0,10.0,5.0,3.0,15.0,4.0,7.0,5.0,2.0,1.0,1.0,1.0,1.0,0.0,1.5,2.0,2.0,2.0,2.0,12.0,0
14,Sandbox.java,2.0,2.0,2.0,1.0,11.0,0.0,7.0,3.0,2.0,0.0,0.0,19.0,19.0,19.0,6.0,19.0,0.0,1.0,0.0,18.0,324.0,40.0,178.0,54.0,90.0,106.0,81.0,129.0,50.0,79.0,10.0,10.0,10.0,10.0,2.0,0.6,47.0,47.0,47.0,35.0,23.0,0
15,PathAttributesPairImplementation.java,2.0,2.0,2.0,2.0,8.0,0.0,7.0,0.0,1.0,0.0,0.0,6.0,6.0,6.0,2.0,6.0,0.0,0.0,0.0,6.0,90.0,15.0,60.0,21.0,28.0,15.0,25.0,41.0,16.0,25.0,10.0,10.0,10.0,10.0,2.0,0.25,17.0,17.0,17.0,15.0,4.0,0
16,CreatingOctopus.java,2.0,2.0,2.0,1.0,22.0,5.0,12.0,5.0,1.0,1.0,0.0,1.0,1.0,0.0,0.0,1.0,0.0,0.0,0.0,1.0,58.0,9.0,22.0,14.0,9.0,27.0,14.0,17.0,13.0,4.0,2.0,2.0,2.0,1.0,1.0,1.23,2.0,2.0,2.0,1.0,2.0,0
17,JobScriptGeneratorTest.java,1.0,1.0,1.0,1.0,11.0,4.0,6.0,1.0,1.0,0.0,0.0,1.0,1.0,1.0,0.0,1.0,0.0,0.0,0.0,1.0,37.0,9.0,12.0,7.0,4.0,16.0,7.0,9.0,6.0,3.0,1.0,1.0,1.0,1.0,0.0,1.33,1.0,1.0,1.0,1.0,2.0,0
18,InvalidDataException.java,1.0,1.0,1.0,1.0,3.0,0.0,3.0,0.0,1.0,0.0,1.0,2.0,2.0,2.0,0.0,2.0,0.0,0.0,0.0,2.0,29.0,4.0,10.0,5.0,3.0,15.0,4.0,7.0,5.0,2.0,1.0,1.0,1.0,1.0,0.0,1.5,2.0,2.0,2.0,2.0,1.0,0
19,PathAttributesPair.java,0.0,0.0,0.0,0.0,0.0,0.0,0.0,0.0,1.0,0.0,0.0,0.0,2.0,2.0,0.0,2.0,0.0,0.0,0.0,2.0,40.0,3.0,5.0,4.0,0.0,32.0,3.0,4.0,4.0,0.0,0.0,0.0,0.0,0.0,0.0,6.4,0.0,0.0,0.0,0.0,8.0,0
20,SshJobs.java,1.0,1.0,1.0,1.0,8.0,1.0,6.0,0.0,2.0,1.0,1.0,20.0,20.0,19.0,10.0,20.0,1.0,2.0,0.0,17.0,271.0,63.0,184.0,87.0,76.0,24.0,92.0,128.0,70.0,58.0,4.0,4.0,4.0,1.0,3.0,0.13,32.0,32.0,34.0,20.0,35.0,0
21,FileSystemImplementation.java,1.0,1.0,1.0,1.0,6.0,0.0,6.0,0.0,1.0,0.0,0.0,10.0,10.0,10.0,6.0,10.0,0.0,0.0,0.0,10.0,121.0,24.0,82.0,34.0,32.0,15.0,37.0,55.0,26.0,29.0,5.0,5.0,5.0,4.0,1.0,0.18,17.0,17.0,18.0,13.0,7.0,0
22,SshOutputStream.java,1.0,1.0,1.0,1.0,3.0,0.0,3.0,0.0,1.0,0.0,0.0,9.0,9.0,9.0,3.0,9.0,0.0,0.0,0.0,9.0,84.0,12.0,50.0,25.0,14.0,22.0,19.0,30.0,17.0,13.0,1.0,1.0,1.0,1.0,1.0,0.44,9.0,9.0,9.0,9.0,11.0,0
23,SchedulerConnection.java,3.0,3.0,3.0,1.0,17.0,3.0,12.0,1.0,1.0,1.0,2.0,13.0,22.0,21.0,10.0,22.0,11.0,1.0,5.0,5.0,335.0,82.0,213.0,82.0,108.0,41.0,124.0,167.0,84.0,83.0,6.0,6.0,8.0,4.0,2.0,0.19,41.0,41.0,49.0,21.0,45.0,0
24,PasswordCredentialImplementation.java,1.0,1.0,1.0,1.0,7.0,0.0,3.0,4.0,1.0,0.0,0.0,2.0,2.0,2.0,0.0,2.0,0.0,0.0,0.0,2.0,42.0,4.0,12.0,7.0,2.0,26.0,4.0,7.0,5.0,2.0,1.0,1.0,1.0,1.0,0.0,2.17,2.0,2.0,2.0,2.0,11.0,0
25,InteractiveProcess.java,0.0,0.0,0.0,0.0,0.0,0.0,0.0,0.0,1.0,0.0,0.0,0.0,4.0,4.0,0.0,4.0,0.0,0.0,0.0,4.0,34.0,7.0,8.0,7.0,0.0,19.0,6.0,7.0,7.0,0.0,0.0,0.0,0.0,0.0,0.0,2.38,0.0,0.0,0.0,0.0,12.0,0
26,SSHFileAdaptorTest.java,1.0,1.0,1.0,1.0,3.0,0.0,3.0,0.0,1.0,2.0,0.0,2.0,2.0,0.0,0.0,2.0,0.0,0.0,0.0,2.0,39.0,6.0,14.0,9.0,2.0,19.0,6.0,9.0,7.0,2.0,1.0,1.0,1.0,1.0,0.0,1.36,2.0,2.0,2.0,2.0,3.0,0
27,JobQueueTest.java,1.0,1.0,1.0,1.0,9.0,1.0,7.0,0.0,3.0,4.0,7.0,39.0,39.0,35.0,5.0,39.0,0.0,0.0,0.0,39.0,507.0,119.0,351.0,145.0,197.0,37.0,211.0,263.0,114.0,149.0,3.0,3.0,4.0,1.0,2.0,0.11,47.0,47.0,48.0,39.0,15.0,0
28,OctopusFactoryTest.java,1.0,1.0,1.0,1.0,4.0,0.0,4.0,0.0,1.0,0.0,0.0,5.0,5.0,5.0,0.0,5.0,0.0,0.0,0.0,5.0,64.0,11.0,37.0,24.0,12.0,16.0,20.0,26.0,19.0,7.0,1.0,1.0,1.0,1.0,0.0,0.43,5.0,5.0,5.0,5.0,4.0,0
29,JobQueues.java,3.0,3.0,3.0,1.0,17.0,3.0,13.0,0.0,1.0,0.0,1.0,21.0,21.0,21.0,13.0,21.0,0.0,8.0,0.0,13.0,472.0,123.0,318.0,85.0,195.0,32.0,174.0,247.0,88.0,159.0,11.0,11.0,15.0,4.0,3.0,0.1,69.0,69.0,77.0,31.0,32.0,0
30,QueueStatusImplementation.java,1.0,1.0,1.0,1.0,5.0,0.0,4.0,0.0,1.0,0.0,0.0,7.0,7.0,7.0,4.0,7.0,0.0,0.0,0.0,7.0,76.0,13.0,48.0,23.0,15.0,15.0,20.0,30.0,16.0,14.0,3.0,3.0,3.0,1.0,1.0,0.31,9.0,9.0,9.0,7.0,12.0,0
31,InvalidLocationException.java,1.0,1.0,1.0,1.0,3.0,0.0,3.0,0.0,1.0,0.0,1.0,2.0,2.0,2.0,0.0,2.0,0.0,0.0,0.0,2.0,29.0,4.0,10.0,5.0,3.0,15.0,4.0,7.0,5.0,2.0,1.0,1.0,1.0,1.0,0.0,1.5,2.0,2.0,2.0,2.0,12.0,0
32,Job.java,0.0,0.0,0.0,0.0,0.0,0.0,0.0,0.0,1.0,0.0,0.0,0.0,5.0,5.0,0.0,5.0,0.0,0.0,0.0,5.0,67.0,6.0,8.0,7.0,0.0,53.0,6.0,7.0,7.0,0.0,0.0,0.0,0.0,0.0,0.0,6.62,0.0,0.0,0.0,0.0,8.0,0
33,CopyOption.java,2.0,2.0,3.0,2.0,9.0,1.0,3.0,4.0,1.0,1.0,0.0,3.0,1.0,2.0,7.0,3.0,0.0,0.0,0.0,3.0,89.0,13.0,21.0,10.0,6.0,55.0,7.0,11.0,4.0,7.0,4.0,4.0,7.0,4.0,2.0,2.62,6.0,6.0,9.0,6.0,10.0,0
34,RemoteCommandRunner.java,1.0,1.0,1.0,1.0,11.0,2.0,8.0,0.0,1.0,0.0,1.0,4.0,4.0,4.0,3.0,4.0,0.0,0.0,0.0,4.0,94.0,21.0,50.0,25.0,22.0,23.0,33.0,41.0,24.0,17.0,4.0,4.0,4.0,1.0,1.0,0.46,7.0,7.0,7.0,4.0,32.0,0
35,CopyEngine.java,4.0,4.0,5.0,2.0,26.0,5.0,20.0,0.0,2.0,0.0,2.0,18.0,18.0,18.0,7.0,18.0,0.0,11.0,0.0,7.0,568.0,132.0,398.0,89.0,264.0,38.0,202.0,289.0,91.0,198.0,15.0,15.0,15.0,6.0,4.0,0.1,87.0,83.0,91.0,41.0,36.0,0
36,GridengineAdaptor.java,1.0,1.0,1.0,1.0,3.0,0.0,3.0,0.0,1.0,0.0,4.0,6.0,6.0,6.0,2.0,6.0,0.0,0.0,0.0,6.0,76.0,17.0,43.0,27.0,13.0,16.0,23.0,30.0,22.0,8.0,1.0,1.0,1.0,1.0,0.0,0.37,6.0,6.0,6.0,6.0,0.0,0
37,OctopusRuntimeException.java,1.0,1.0,1.0,1.0,5.0,0.0,5.0,0.0,1.0,0.0,1.0,3.0,3.0,3.0,1.0,3.0,0.0,0.0,0.0,3.0,43.0,7.0,21.0,9.0,9.0,15.0,10.0,15.0,8.0,7.0,2.0,2.0,2.0,1.0,1.0,0.71,4.0,4.0,4.0,3.0,1.0,0
38,NoSuchOctopusException.java,1.0,1.0,1.0,1.0,3.0,0.0,3.0,0.0,1.0,0.0,1.0,2.0,2.0,2.0,0.0,2.0,0.0,0.0,0.0,2.0,29.0,4.0,10.0,5.0,3.0,15.0,4.0,7.0,5.0,2.0,1.0,1.0,1.0,1.0,0.0,1.5,2.0,2.0,2.0,2.0,1.0,0
39,LocalFileTestConfig.java,1.0,1.0,1.0,1.0,3.0,0.0,3.0,0.0,1.0,0.0,0.0,11.0,11.0,11.0,4.0,11.0,0.0,0.0,0.0,11.0,94.0,17.0,57.0,31.0,14.0,24.0,26.0,38.0,24.0,14.0,1.0,1.0,1.0,1.0,0.0,0.42,11.0,11.0,11.0,11.0,14.0,0
41,OpenOption.java,2.0,2.0,2.0,2.0,8.0,0.0,3.0,4.0,1.0,1.0,0.0,3.0,1.0,2.0,7.0,3.0,0.0,0.0,0.0,3.0,87.0,11.0,21.0,10.0,6.0,55.0,5.0,10.0,4.0,6.0,4.0,4.0,6.0,4.0,2.0,2.62,6.0,6.0,8.0,6.0,8.0,0
42,JobScriptGenerator.java,10.0,10.0,10.0,1.0,63.0,15.0,45.0,3.0,1.0,1.0,1.0,1.0,1.0,0.0,0.0,1.0,0.0,0.0,0.0,1.0,96.0,21.0,57.0,15.0,35.0,18.0,32.0,45.0,17.0,28.0,10.0,10.0,10.0,1.0,2.0,0.32,10.0,10.0,10.0,1.0,0.0,0
43,GridEngineJobTestConfig.java,1.0,1.0,1.0,1.0,4.0,0.0,3.0,0.0,1.0,0.0,0.0,28.0,28.0,28.0,10.0,28.0,0.0,1.0,0.0,27.0,226.0,48.0,158.0,81.0,51.0,26.0,70.0,102.0,57.0,45.0,3.0,3.0,3.0,1.0,1.0,0.16,31.0,31.0,31.0,28.0,29.0,0
44,CertificateCredentialImplementationTest.java,1.0,1.0,1.0,1.0,16.0,2.0,14.0,0.0,1.0,0.0,0.0,1.0,1.0,1.0,0.0,1.0,0.0,0.0,0.0,1.0,46.0,7.0,20.0,8.0,11.0,19.0,12.0,14.0,6.0,8.0,1.0,1.0,1.0,1.0,0.0,0.95,1.0,1.0,1.0,1.0,13.0,0
45,JobTestConfig.java,1.0,1.0,1.0,1.0,3.0,0.0,3.0,0.0,1.0,0.0,0.0,5.0,13.0,13.0,0.0,13.0,0.0,0.0,1.0,12.0,66.0,16.0,31.0,20.0,5.0,19.0,19.0,25.0,20.0,5.0,1.0,1.0,1.0,1.0,0.0,0.61,5.0,5.0,5.0,5.0,14.0,0
46,AbsolutePath.java,0.0,0.0,0.0,0.0,0.0,0.0,0.0,0.0,1.0,0.0,0.0,0.0,17.0,17.0,0.0,17.0,0.0,0.0,0.0,17.0,193.0,19.0,21.0,20.0,0.0,153.0,19.0,20.0,20.0,0.0,0.0,0.0,0.0,0.0,0.0,7.29,0.0,0.0,0.0,0.0,3.0,0
47,RelativePath.java,2.0,2.0,3.0,1.0,19.0,2.0,9.0,6.0,2.0,0.0,1.0,29.0,29.0,29.0,3.0,29.0,0.0,1.0,0.0,28.0,633.0,114.0,292.0,70.0,165.0,227.0,135.0,219.0,73.0,146.0,10.0,10.0,11.0,6.0,6.0,0.78,81.0,81.0,90.0,53.0,19.0,0
49,LocalJobAdaptorTest.java,1.0,1.0,1.0,1.0,3.0,0.0,3.0,0.0,1.0,2.0,0.0,2.0,2.0,0.0,0.0,2.0,0.0,0.0,0.0,2.0,39.0,6.0,14.0,9.0,2.0,19.0,6.0,9.0,7.0,2.0,1.0,1.0,1.0,1.0,0.0,1.36,2.0,2.0,2.0,2.0,5.0,0
50,LocalFileAttributes.java,1.0,1.0,1.0,1.0,6.0,0.0,5.0,0.0,1.0,0.0,0.0,19.0,19.0,19.0,5.0,19.0,0.0,0.0,0.0,19.0,211.0,38.0,133.0,59.0,50.0,40.0,57.0,85.0,41.0,44.0,8.0,8.0,8.0,8.0,1.0,0.3,31.0,31.0,31.0,26.0,19.0,0
51,JobStatus.java,0.0,0.0,0.0,0.0,0.0,0.0,0.0,0.0,1.0,0.0,0.0,0.0,8.0,8.0,0.0,8.0,0.0,0.0,0.0,8.0,85.0,10.0,12.0,11.0,0.0,63.0,10.0,11.0,11.0,0.0,0.0,0.0,0.0,0.0,0.0,5.25,0.0,0.0,0.0,0.0,21.0,0
52,JobCanceledException.java,1.0,1.0,1.0,1.0,3.0,0.0,3.0,0.0,1.0,0.0,1.0,2.0,2.0,2.0,0.0,2.0,0.0,0.0,0.0,2.0,29.0,4.0,10.0,5.0,3.0,15.0,4.0,7.0,5.0,2.0,1.0,1.0,1.0,1.0,0.0,1.5,2.0,2.0,2.0,2.0,11.0,0
53,CopyStatus.java,0.0,0.0,0.0,0.0,0.0,0.0,0.0,0.0,1.0,0.0,0.0,0.0,8.0,8.0,0.0,8.0,0.0,0.0,0.0,8.0,83.0,10.0,11.0,10.0,0.0,62.0,9.0,10.0,10.0,0.0,0.0,0.0,0.0,0.0,0.0,5.64,0.0,0.0,0.0,0.0,18.0,0
54,Credentials.java,0.0,0.0,0.0,0.0,0.0,0.0,0.0,0.0,1.0,0.0,0.0,0.0,4.0,4.0,0.0,4.0,0.0,0.0,0.0,4.0,93.0,7.0,12.0,11.0,0.0,74.0,7.0,8.0,8.0,0.0,0.0,0.0,0.0,0.0,0.0,6.17,0.0,0.0,0.0,0.0,18.0,0
55,Octopus.java,0.0,0.0,0.0,0.0,0.0,0.0,0.0,0.0,1.0,0.0,0.0,0.0,6.0,6.0,0.0,6.0,0.0,0.0,0.0,6.0,90.0,13.0,14.0,13.0,0.0,63.0,12.0,13.0,13.0,0.0,0.0,0.0,0.0,0.0,0.0,4.5,0.0,0.0,0.0,0.0,8.0,0
56,NoSuchCopyException.java,1.0,1.0,1.0,1.0,3.0,0.0,3.0,0.0,1.0,0.0,1.0,2.0,2.0,2.0,0.0,2.0,0.0,0.0,0.0,2.0,29.0,4.0,10.0,5.0,3.0,15.0,4.0,7.0,5.0,2.0,1.0,1.0,1.0,1.0,0.0,1.5,2.0,2.0,2.0,2.0,11.0,0
57,ProxyCredentialImplementationTest.java,1.0,1.0,1.0,1.0,15.0,2.0,13.0,0.0,1.0,0.0,0.0,1.0,1.0,1.0,0.0,1.0,0.0,0.0,0.0,1.0,46.0,7.0,20.0,9.0,10.0,19.0,13.0,15.0,7.0,8.0,1.0,1.0,1.0,1.0,0.0,0.95,1.0,1.0,1.0,1.0,3.0,0
58,UnsupportedOperationException.java,1.0,1.0,1.0,1.0,3.0,0.0,3.0,0.0,1.0,0.0,1.0,2.0,2.0,2.0,0.0,2.0,0.0,0.0,0.0,2.0,29.0,4.0,10.0,5.0,3.0,15.0,4.0,7.0,5.0,2.0,1.0,1.0,1.0,1.0,0.0,1.5,2.0,2.0,2.0,2.0,7.0,0
59,FileSystemImplementationTest.java,1.0,1.0,1.0,1.0,7.0,1.0,6.0,0.0,2.0,0.0,0.0,19.0,19.0,19.0,0.0,19.0,0.0,0.0,0.0,19.0,196.0,42.0,135.0,88.0,56.0,36.0,58.0,79.0,57.0,22.0,2.0,2.0,2.0,1.0,1.0,0.27,20.0,20.0,20.0,19.0,14.0,0
60,LocalFileAttributesTest.java,1.0,1.0,1.0,1.0,18.0,4.0,13.0,0.0,1.0,0.0,0.0,5.0,5.0,5.0,0.0,5.0,0.0,0.0,0.0,5.0,140.0,35.0,85.0,48.0,55.0,20.0,68.0,74.0,43.0,31.0,1.0,1.0,1.0,1.0,0.0,0.24,5.0,5.0,5.0,5.0,11.0,0
61,FileVisitResult.java,1.0,1.0,1.0,1.0,0.0,0.0,0.0,0.0,1.0,0.0,0.0,2.0,0.0,2.0,4.0,2.0,0.0,0.0,0.0,2.0,40.0,6.0,7.0,6.0,0.0,27.0,1.0,2.0,2.0,0.0,1.0,1.0,1.0,1.0,0.0,3.86,2.0,2.0,2.0,2.0,5.0,0
62,CommandNotFoundException.java,1.0,1.0,1.0,1.0,3.0,0.0,3.0,0.0,1.0,0.0,1.0,2.0,2.0,2.0,0.0,2.0,0.0,0.0,0.0,2.0,30.0,5.0,10.0,5.0,3.0,15.0,4.0,7.0,5.0,2.0,1.0,1.0,1.0,1.0,0.0,1.5,2.0,2.0,2.0,2.0,11.0,0
63,ITFileTests_SFTP_ui_grid_sara_nl.java,1.0,1.0,1.0,1.0,6.0,1.0,5.0,1.0,1.0,0.0,0.0,3.0,3.0,3.0,0.0,3.0,0.0,0.0,0.0,3.0,53.0,11.0,22.0,15.0,8.0,21.0,13.0,17.0,14.0,3.0,1.0,1.0,1.0,1.0,0.0,0.95,3.0,3.0,3.0,3.0,8.0,0
64,NoSuchSchedulerException.java,1.0,1.0,1.0,1.0,3.0,0.0,3.0,0.0,1.0,0.0,1.0,2.0,2.0,2.0,0.0,2.0,0.0,0.0,0.0,2.0,29.0,4.0,10.0,5.0,3.0,15.0,4.0,7.0,5.0,2.0,1.0,1.0,1.0,1.0,0.0,1.5,2.0,2.0,2.0,2.0,4.0,0
65,CopyStatusImplementation.java,1.0,1.0,1.0,1.0,3.0,0.0,3.0,0.0,1.0,0.0,0.0,9.0,9.0,9.0,7.0,9.0,0.0,0.0,0.0,9.0,89.0,15.0,55.0,29.0,16.0,19.0,26.0,36.0,20.0,16.0,1.0,1.0,1.0,1.0,0.0,0.35,9.0,9.0,9.0,9.0,4.0,0
66,ExceptionsTest.java,1.0,1.0,1.0,1.0,3.0,0.0,3.0,0.0,1.0,0.0,0.0,80.0,80.0,80.0,0.0,80.0,0.0,3.0,0.0,77.0,469.0,86.0,364.0,198.0,121.0,19.0,122.0,204.0,121.0,83.0,2.0,2.0,2.0,1.0,1.0,0.05,81.0,81.0,81.0,80.0,18.0,0
67,UnsupportedIOOperationException.java,1.0,1.0,1.0,1.0,3.0,0.0,3.0,0.0,1.0,0.0,1.0,2.0,2.0,2.0,0.0,2.0,0.0,0.0,0.0,2.0,29.0,4.0,10.0,5.0,3.0,15.0,4.0,7.0,5.0,2.0,1.0,1.0,1.0,1.0,0.0,1.5,2.0,2.0,2.0,2.0,7.0,0
68,JobDescriptionTest.java,1.0,1.0,1.0,1.0,20.0,3.0,16.0,0.0,1.0,0.0,0.0,14.0,14.0,14.0,0.0,14.0,0.0,0.0,0.0,14.0,344.0,71.0,254.0,76.0,202.0,19.0,206.0,221.0,61.0,160.0,1.0,1.0,1.0,1.0,0.0,0.07,14.0,14.0,14.0,14.0,33.0,0
69,ShowFileAttributes.java,5.0,5.0,5.0,1.0,60.0,15.0,35.0,10.0,1.0,1.0,0.0,1.0,1.0,0.0,0.0,1.0,0.0,0.0,0.0,1.0,102.0,20.0,48.0,21.0,30.0,34.0,35.0,40.0,21.0,19.0,5.0,5.0,5.0,1.0,2.0,0.71,5.0,5.0,5.0,1.0,10.0,0
70,Files.java,0.0,0.0,0.0,0.0,0.0,0.0,0.0,0.0,1.0,0.0,0.0,0.0,27.0,27.0,0.0,27.0,0.0,0.0,0.0,27.0,638.0,32.0,46.0,45.0,0.0,560.0,40.0,41.0,41.0,0.0,0.0,0.0,0.0,0.0,0.0,12.17,0.0,0.0,0.0,0.0,20.0,0
71,InputWriter.java,1.0,1.0,1.0,1.0,7.0,0.0,7.0,0.0,1.0,0.0,1.0,5.0,5.0,5.0,3.0,5.0,0.0,1.0,0.0,4.0,83.0,14.0,47.0,15.0,24.0,23.0,23.0,33.0,15.0,18.0,3.0,3.0,3.0,1.0,2.0,0.49,9.0,9.0,9.0,5.0,21.0,0
72,SshSession.java,2.0,2.0,2.0,1.0,10.0,1.0,8.0,0.0,3.0,0.0,2.0,32.0,32.0,32.0,13.0,32.0,21.0,5.0,0.0,6.0,465.0,96.0,327.0,100.0,179.0,42.0,168.0,242.0,97.0,145.0,9.0,9.0,9.0,4.0,3.0,0.13,70.0,70.0,71.0,42.0,25.0,0
73,LocalCredential.java,1.0,1.0,1.0,1.0,3.0,0.0,3.0,0.0,1.0,0.0,0.0,2.0,2.0,2.0,0.0,2.0,0.0,0.0,0.0,2.0,41.0,6.0,13.0,8.0,2.0,22.0,5.0,8.0,6.0,2.0,1.0,1.0,1.0,1.0,0.0,1.69,2.0,2.0,2.0,2.0,7.0,0
74,GridEngineCredentials.java,1.0,1.0,1.0,1.0,3.0,0.0,3.0,0.0,1.0,0.0,0.0,5.0,5.0,5.0,1.0,5.0,0.0,0.0,0.0,5.0,63.0,9.0,31.0,20.0,5.0,23.0,12.0,18.0,13.0,5.0,1.0,1.0,1.0,1.0,0.0,0.74,5.0,5.0,5.0,5.0,0.0,0
75,JobTimeoutTest.java,5.0,5.0,5.0,1.0,43.0,13.0,29.0,1.0,1.0,0.0,0.0,1.0,1.0,1.0,0.0,1.0,0.0,0.0,0.0,1.0,78.0,18.0,40.0,18.0,23.0,20.0,26.0,32.0,17.0,15.0,5.0,5.0,5.0,1.0,2.0,0.5,5.0,5.0,5.0,1.0,3.0,0
76,JobsEngineTest.java,1.0,1.0,1.0,1.0,18.0,5.0,13.0,1.0,1.0,0.0,0.0,3.0,3.0,3.0,0.0,3.0,0.0,0.0,0.0,3.0,165.0,26.0,59.0,38.0,32.0,83.0,42.0,46.0,33.0,13.0,1.0,1.0,1.0,1.0,0.0,1.41,3.0,3.0,3.0,3.0,13.0,0
77,SSHJobTestConfig.java,1.0,1.0,1.0,1.0,4.0,0.0,3.0,0.0,1.0,0.0,0.0,27.0,27.0,27.0,8.0,27.0,0.0,1.0,0.0,26.0,215.0,45.0,151.0,78.0,47.0,25.0,64.0,95.0,53.0,42.0,3.0,3.0,3.0,1.0,1.0,0.17,30.0,30.0,30.0,27.0,27.0,0
78,SubmitSimpleBatchJob.java,4.0,4.0,4.0,1.0,47.0,10.0,28.0,10.0,1.0,1.0,0.0,1.0,1.0,0.0,0.0,1.0,0.0,0.0,0.0,1.0,88.0,15.0,42.0,23.0,24.0,32.0,30.0,35.0,22.0,13.0,4.0,4.0,4.0,1.0,2.0,0.76,4.0,4.0,4.0,1.0,13.0,0
79,AdaptorStatus.java,0.0,0.0,0.0,0.0,0.0,0.0,0.0,0.0,1.0,0.0,0.0,0.0,5.0,5.0,0.0,5.0,0.0,0.0,0.0,5.0,63.0,7.0,9.0,8.0,0.0,47.0,7.0,8.0,8.0,0.0,0.0,0.0,0.0,0.0,0.0,5.22,0.0,0.0,0.0,0.0,9.0,0
80,LocalDirectoryStream.java,2.0,2.0,2.0,1.0,9.0,1.0,7.0,0.0,1.0,0.0,0.0,7.0,7.0,7.0,5.0,7.0,1.0,1.0,0.0,5.0,127.0,24.0,74.0,30.0,31.0,29.0,35.0,51.0,25.0,26.0,4.0,4.0,4.0,4.0,2.0,0.39,15.0,15.0,15.0,13.0,11.0,0
81,IncompatibleServerException.java,1.0,1.0,1.0,1.0,3.0,0.0,3.0,0.0,1.0,0.0,1.0,2.0,2.0,2.0,0.0,2.0,0.0,0.0,0.0,2.0,32.0,6.0,11.0,6.0,3.0,15.0,5.0,8.0,6.0,2.0,1.0,1.0,1.0,1.0,0.0,1.36,2.0,2.0,2.0,2.0,0.0,0
82,DirectoryListing.java,5.0,5.0,5.0,1.0,55.0,16.0,29.0,10.0,1.0,1.0,0.0,1.0,1.0,0.0,0.0,1.0,0.0,0.0,0.0,1.0,96.0,21.0,41.0,20.0,23.0,34.0,27.0,34.0,21.0,13.0,5.0,5.0,5.0,1.0,3.0,0.83,5.0,5.0,5.0,1.0,11.0,0
83,FileUtilsTest.java,1.0,1.0,1.0,1.0,13.0,0.0,12.0,0.0,1.0,0.0,0.0,24.0,24.0,24.0,0.0,24.0,0.0,0.0,0.0,24.0,414.0,52.0,347.0,167.0,226.0,25.0,239.0,268.0,121.0,147.0,2.0,2.0,2.0,1.0,1.0,0.07,28.0,28.0,28.0,24.0,19.0,0
84,StreamsImplementation.java,1.0,1.0,1.0,1.0,10.0,0.0,3.0,6.0,1.0,0.0,0.0,5.0,5.0,5.0,4.0,5.0,0.0,0.0,0.0,5.0,93.0,13.0,29.0,15.0,8.0,51.0,17.0,23.0,15.0,8.0,1.0,1.0,1.0,1.0,0.0,1.76,5.0,5.0,5.0,5.0,14.0,0
85,FilesEngineTest.java,1.0,1.0,1.0,1.0,15.0,3.0,8.0,4.0,1.0,0.0,0.0,3.0,3.0,3.0,0.0,3.0,0.0,0.0,0.0,3.0,350.0,28.0,41.0,34.0,15.0,284.0,27.0,31.0,28.0,3.0,1.0,1.0,1.0,1.0,0.0,6.93,3.0,3.0,3.0,3.0,12.0,0
86,SshDirectoryAttributeStream.java,1.0,1.0,1.0,1.0,6.0,1.0,5.0,0.0,1.0,0.0,0.0,6.0,6.0,6.0,1.0,6.0,1.0,0.0,0.0,5.0,88.0,18.0,54.0,30.0,16.0,16.0,25.0,37.0,25.0,12.0,4.0,4.0,5.0,1.0,3.0,0.3,10.0,10.0,11.0,6.0,12.0,0
87,RelativePathIteratorTest.java,1.0,1.0,1.0,1.0,8.0,1.0,7.0,0.0,1.0,0.0,0.0,5.0,5.0,5.0,0.0,5.0,0.0,0.0,0.0,5.0,83.0,16.0,48.0,28.0,26.0,19.0,29.0,36.0,23.0,13.0,2.0,2.0,2.0,1.0,1.0,0.4,6.0,6.0,6.0,5.0,6.0,0
88,LocalUtilsTest.java,1.0,1.0,1.0,1.0,5.0,0.0,4.0,0.0,1.0,0.0,0.0,20.0,20.0,20.0,0.0,20.0,0.0,0.0,0.0,20.0,179.0,37.0,122.0,68.0,45.0,20.0,54.0,77.0,48.0,29.0,1.0,1.0,1.0,1.0,1.0,0.16,20.0,20.0,20.0,20.0,13.0,0
89,NotConnectedException.java,1.0,1.0,1.0,1.0,3.0,0.0,3.0,0.0,1.0,0.0,1.0,2.0,2.0,2.0,0.0,2.0,0.0,0.0,0.0,2.0,29.0,4.0,10.0,5.0,3.0,15.0,4.0,7.0,5.0,2.0,1.0,1.0,1.0,1.0,0.0,1.5,2.0,2.0,2.0,2.0,11.0,0
90,OctopusEngineTest.java,1.0,1.0,1.0,1.0,6.0,0.0,5.0,0.0,1.0,0.0,0.0,18.0,18.0,18.0,0.0,18.0,0.0,0.0,0.0,18.0,180.0,32.0,132.0,73.0,65.0,16.0,68.0,90.0,56.0,34.0,2.0,2.0,2.0,1.0,1.0,0.12,21.0,21.0,21.0,18.0,8.0,0
91,OctopusPropertiesTest.java,1.0,1.0,1.0,1.0,9.0,1.0,7.0,0.0,1.0,0.0,0.0,70.0,70.0,70.0,0.0,70.0,0.0,0.0,0.0,70.0,823.0,196.0,598.0,321.0,361.0,29.0,351.0,434.0,252.0,182.0,2.0,2.0,2.0,1.0,1.0,0.05,82.0,82.0,82.0,70.0,15.0,0
92,FilesEngine.java,1.0,1.0,1.0,1.0,4.0,0.0,3.0,0.0,2.0,0.0,1.0,32.0,32.0,32.0,1.0,32.0,0.0,2.0,0.0,30.0,256.0,43.0,181.0,100.0,54.0,32.0,73.0,111.0,69.0,42.0,4.0,4.0,4.0,4.0,1.0,0.18,37.0,37.0,37.0,35.0,27.0,0
93,OutputReader.java,2.0,2.0,2.0,1.0,9.0,1.0,7.0,0.0,1.0,0.0,0.0,7.0,7.0,7.0,3.0,7.0,0.0,2.0,0.0,5.0,110.0,20.0,63.0,17.0,35.0,28.0,29.0,44.0,17.0,27.0,5.0,5.0,5.0,4.0,3.0,0.44,14.0,14.0,14.0,10.0,27.0,0
94,RealSandboxTest.java,1.0,1.0,1.0,1.0,12.0,3.0,9.0,0.0,1.0,3.0,7.0,30.0,30.0,27.0,0.0,30.0,0.0,0.0,0.0,30.0,495.0,145.0,329.0,180.0,210.0,21.0,235.0,267.0,151.0,116.0,2.0,2.0,2.0,1.0,1.0,0.06,31.0,31.0,31.0,30.0,14.0,0
95,FileAttributes.java,0.0,0.0,0.0,0.0,0.0,0.0,0.0,0.0,1.0,0.0,0.0,0.0,15.0,15.0,0.0,15.0,0.0,0.0,0.0,15.0,181.0,18.0,20.0,19.0,0.0,143.0,18.0,19.0,19.0,0.0,0.0,0.0,0.0,0.0,0.0,7.15,0.0,0.0,0.0,0.0,12.0,0
96,GridEngineParser.java,4.0,4.0,5.0,1.0,31.0,5.0,19.0,6.0,1.0,0.0,4.0,11.0,11.0,11.0,2.0,11.0,7.0,2.0,0.0,2.0,414.0,83.0,243.0,89.0,162.0,89.0,135.0,187.0,95.0,92.0,9.0,9.0,12.0,3.0,6.0,0.37,49.0,49.0,58.0,13.0,14.0,0
97,LocalFileAdaptorTest.java,1.0,1.0,1.0,1.0,3.0,0.0,3.0,0.0,1.0,2.0,0.0,2.0,2.0,0.0,0.0,2.0,0.0,0.0,0.0,2.0,39.0,6.0,14.0,9.0,2.0,19.0,6.0,9.0,7.0,2.0,1.0,1.0,1.0,1.0,0.0,1.36,2.0,2.0,2.0,2.0,11.0,0
98,InterSchemeMoveTest.java,1.0,1.0,1.0,1.0,14.0,5.0,9.0,1.0,1.0,0.0,0.0,1.0,1.0,1.0,0.0,1.0,0.0,0.0,0.0,1.0,48.0,11.0,18.0,15.0,7.0,20.0,13.0,15.0,14.0,1.0,1.0,1.0,1.0,1.0,0.0,1.11,1.0,1.0,1.0,1.0,10.0,0
99,PosixFilePermission.java,2.0,2.0,2.0,2.0,8.0,0.0,3.0,4.0,1.0,1.0,0.0,3.0,1.0,2.0,9.0,3.0,0.0,0.0,0.0,3.0,89.0,5.0,23.0,12.0,6.0,61.0,5.0,10.0,4.0,6.0,4.0,4.0,6.0,4.0,2.0,2.65,6.0,6.0,8.0,6.0,17.0,0
100,JobDescription.java,1.0,1.0,2.0,1.0,11.0,0.0,5.0,5.0,1.0,0.0,0.0,34.0,34.0,34.0,13.0,34.0,0.0,1.0,0.0,33.0,488.0,69.0,195.0,60.0,100.0,224.0,82.0,136.0,60.0,76.0,8.0,8.0,16.0,5.0,2.0,1.15,57.0,57.0,72.0,41.0,44.0,0
101,SshUtil.java,5.0,3.0,5.0,2.0,18.0,2.0,15.0,0.0,1.0,6.0,9.0,7.0,7.0,1.0,0.0,7.0,6.0,0.0,1.0,0.0,180.0,35.0,123.0,24.0,82.0,31.0,58.0,87.0,25.0,62.0,11.0,10.0,11.0,10.0,2.0,0.25,35.0,27.0,36.0,16.0,13.0,0
102,IncompatibleVersionException.java,1.0,1.0,1.0,1.0,3.0,0.0,3.0,0.0,1.0,0.0,1.0,2.0,2.0,2.0,0.0,2.0,0.0,0.0,0.0,2.0,29.0,4.0,10.0,5.0,3.0,15.0,4.0,7.0,5.0,2.0,1.0,1.0,1.0,1.0,0.0,1.5,2.0,2.0,2.0,2.0,11.0,0
103,CopyFile.java,3.0,3.0,3.0,1.0,41.0,10.0,23.0,8.0,1.0,1.0,0.0,1.0,1.0,0.0,0.0,1.0,0.0,0.0,0.0,1.0,82.0,15.0,35.0,20.0,19.0,32.0,26.0,30.0,20.0,10.0,3.0,3.0,3.0,1.0,1.0,0.91,3.0,3.0,3.0,1.0,12.0,0
104,GridEngineSchedulerConnection.java,3.0,3.0,3.0,1.0,18.0,3.0,13.0,1.0,1.0,0.0,8.0,20.0,20.0,20.0,6.0,20.0,3.0,9.0,1.0,7.0,512.0,110.0,339.0,120.0,205.0,63.0,167.0,234.0,113.0,121.0,9.0,9.0,9.0,3.0,4.0,0.19,61.0,61.0,70.0,24.0,44.0,0
105,JobsEngine.java,1.0,1.0,1.0,1.0,6.0,0.0,5.0,0.0,1.0,0.0,0.0,21.0,21.0,21.0,1.0,21.0,0.0,4.0,0.0,17.0,207.0,41.0,147.0,63.0,57.0,19.0,65.0,100.0,51.0,49.0,6.0,6.0,7.0,5.0,3.0,0.13,34.0,34.0,36.0,25.0,11.0,0
106,DirectoryNotEmptyException.java,1.0,1.0,1.0,1.0,3.0,0.0,3.0,0.0,1.0,0.0,1.0,2.0,2.0,2.0,0.0,2.0,0.0,0.0,0.0,2.0,30.0,5.0,10.0,5.0,3.0,15.0,4.0,7.0,5.0,2.0,1.0,1.0,1.0,1.0,0.0,1.5,2.0,2.0,2.0,2.0,11.0,0
107,GenericFileAdaptorTestParent.java,3.0,3.0,3.0,1.0,30.0,7.0,18.0,3.0,4.0,2.0,2.0,74.0,74.0,72.0,6.0,74.0,0.0,33.0,2.0,39.0,2939.0,697.0,1474.0,374.0,1082.0,796.0,927.0,1167.0,340.0,827.0,10.0,10.0,11.0,6.0,3.0,0.54,231.0,231.0,237.0,127.0,41.0,0
108,GenericJobAdaptorTestParent.java,2.0,2.0,2.0,1.0,19.0,4.0,14.0,0.0,2.0,2.0,2.0,66.0,66.0,64.0,5.0,66.0,0.0,1.0,3.0,62.0,1501.0,379.0,1068.0,387.0,732.0,54.0,664.0,830.0,335.0,495.0,10.0,10.0,10.0,4.0,5.0,0.05,159.0,159.0,162.0,69.0,42.0,0
109,SshFileAttributes.java,1.0,1.0,1.0,1.0,4.0,0.0,4.0,0.0,1.0,0.0,3.0,19.0,19.0,19.0,2.0,19.0,0.0,0.0,0.0,19.0,162.0,32.0,115.0,53.0,42.0,18.0,43.0,70.0,35.0,35.0,8.0,8.0,8.0,8.0,2.0,0.16,28.0,28.0,33.0,26.0,17.0,0
110,ITFileTests_localfs.java,1.0,1.0,1.0,1.0,6.0,0.0,4.0,1.0,1.0,0.0,0.0,3.0,3.0,3.0,0.0,3.0,1.0,0.0,0.0,2.0,56.0,10.0,24.0,17.0,6.0,23.0,14.0,18.0,15.0,3.0,1.0,1.0,1.0,1.0,0.0,0.96,3.0,3.0,3.0,3.0,1.0,0
111,CommandFailedException.java,1.0,1.0,1.0,1.0,3.0,0.0,3.0,0.0,1.0,0.0,1.0,5.0,5.0,5.0,2.0,5.0,0.0,0.0,0.0,5.0,48.0,9.0,24.0,11.0,8.0,15.0,12.0,18.0,11.0,7.0,1.0,1.0,1.0,1.0,0.0,0.62,5.0,5.0,5.0,5.0,0.0,0
112,GridEngineJobAdaptorTest.java,1.0,1.0,1.0,1.0,13.0,3.0,10.0,0.0,1.0,2.0,0.0,6.0,6.0,4.0,0.0,6.0,0.0,0.0,0.0,6.0,144.0,35.0,89.0,54.0,45.0,20.0,61.0,71.0,47.0,24.0,3.0,3.0,3.0,1.0,1.0,0.22,8.0,8.0,8.0,6.0,25.0,0
113,OpenOptionTest.java,1.0,1.0,1.0,1.0,3.0,0.0,3.0,0.0,1.0,0.0,0.0,8.0,8.0,8.0,0.0,8.0,0.0,0.0,0.0,8.0,76.0,13.0,44.0,27.0,14.0,19.0,18.0,27.0,19.0,8.0,1.0,1.0,1.0,1.0,0.0,0.43,8.0,8.0,8.0,8.0,5.0,0
114,LocalFiles.java,2.0,2.0,3.0,1.0,13.0,2.0,9.0,1.0,1.0,1.0,2.0,29.0,29.0,28.0,4.0,29.0,0.0,1.0,0.0,28.0,647.0,111.0,360.0,123.0,179.0,176.0,153.0,230.0,92.0,138.0,18.0,12.0,24.0,3.0,3.0,0.49,81.0,75.0,90.0,31.0,37.0,0
115,StreamForwarder.java,2.0,2.0,2.0,1.0,11.0,1.0,10.0,0.0,1.0,0.0,2.0,4.0,4.0,4.0,2.0,4.0,0.0,1.0,0.0,3.0,92.0,14.0,53.0,18.0,27.0,25.0,26.0,38.0,18.0,20.0,6.0,6.0,6.0,4.0,3.0,0.47,11.0,11.0,11.0,7.0,26.0,0
116,CopyInfo.java,1.0,1.0,1.0,1.0,3.0,0.0,3.0,0.0,1.0,0.0,0.0,10.0,10.0,10.0,7.0,10.0,0.0,0.0,0.0,10.0,85.0,15.0,48.0,22.0,18.0,22.0,23.0,34.0,21.0,13.0,1.0,1.0,1.0,1.0,0.0,0.46,10.0,10.0,10.0,10.0,19.0,0
117,MultiJobTest.java,4.0,4.0,4.0,1.0,43.0,12.0,30.0,1.0,1.0,0.0,0.0,3.0,3.0,3.0,0.0,3.0,0.0,2.0,0.0,1.0,181.0,46.0,115.0,50.0,75.0,22.0,88.0,103.0,52.0,51.0,10.0,10.0,10.0,1.0,5.0,0.19,14.0,14.0,14.0,3.0,9.0,0
118,PathAttributesPairImplementationTest.java,1.0,1.0,1.0,1.0,16.0,3.0,13.0,0.0,1.0,0.0,0.0,4.0,4.0,4.0,5.0,4.0,0.0,0.0,0.0,4.0,121.0,25.0,77.0,38.0,44.0,19.0,63.0,68.0,34.0,34.0,1.0,1.0,1.0,1.0,0.0,0.25,4.0,4.0,4.0,4.0,8.0,0
119,LocalJobs.java,1.0,1.0,1.0,1.0,4.0,0.0,4.0,0.0,1.0,0.0,1.0,18.0,18.0,18.0,4.0,18.0,0.0,0.0,0.0,18.0,192.0,40.0,126.0,74.0,36.0,26.0,59.0,81.0,54.0,27.0,4.0,4.0,6.0,1.0,1.0,0.21,21.0,21.0,23.0,18.0,16.0,0
120,SshDirectoryStream.java,1.0,1.0,1.0,1.0,6.0,1.0,5.0,0.0,1.0,0.0,0.0,6.0,6.0,6.0,1.0,6.0,1.0,0.0,0.0,5.0,84.0,18.0,50.0,26.0,15.0,16.0,22.0,34.0,22.0,12.0,4.0,4.0,5.0,1.0,3.0,0.32,10.0,10.0,11.0,6.0,12.0,0
121,ITFileTests_SFTP_localhost.java,1.0,1.0,1.0,1.0,6.0,0.0,5.0,0.0,1.0,0.0,0.0,3.0,3.0,3.0,0.0,3.0,0.0,0.0,0.0,3.0,51.0,10.0,22.0,14.0,8.0,20.0,12.0,16.0,13.0,3.0,1.0,1.0,1.0,1.0,0.0,0.91,3.0,3.0,3.0,3.0,8.0,0
122,PermissionDeniedException.java,1.0,1.0,1.0,1.0,3.0,0.0,3.0,0.0,1.0,0.0,1.0,2.0,2.0,2.0,0.0,2.0,0.0,0.0,0.0,2.0,29.0,4.0,10.0,5.0,3.0,15.0,4.0,7.0,5.0,2.0,1.0,1.0,1.0,1.0,0.0,1.5,2.0,2.0,2.0,2.0,13.0,0
123,LocalAdaptorTest.java,1.0,1.0,1.0,1.0,3.0,0.0,3.0,0.0,1.0,0.0,0.0,16.0,16.0,16.0,0.0,16.0,0.0,0.0,0.0,16.0,118.0,20.0,79.0,46.0,23.0,24.0,29.0,46.0,30.0,16.0,1.0,1.0,1.0,1.0,0.0,0.3,16.0,16.0,16.0,16.0,14.0,0
124,URIUtils.java,4.0,4.0,5.0,1.0,29.0,7.0,21.0,2.0,1.0,1.0,0.0,1.0,1.0,0.0,0.0,1.0,0.0,0.0,0.0,1.0,56.0,11.0,25.0,9.0,16.0,21.0,15.0,20.0,9.0,11.0,4.0,4.0,5.0,1.0,1.0,0.84,4.0,4.0,5.0,1.0,4.0,0
125,Scheduler.java,0.0,0.0,0.0,0.0,0.0,0.0,0.0,0.0,1.0,0.0,0.0,0.0,7.0,7.0,0.0,7.0,0.0,0.0,0.0,7.0,94.0,9.0,12.0,11.0,0.0,73.0,10.0,11.0,11.0,0.0,0.0,0.0,0.0,0.0,0.0,6.08,0.0,0.0,0.0,0.0,37.0,0
126,InvalidCloseException.java,1.0,1.0,1.0,1.0,3.0,0.0,3.0,0.0,1.0,0.0,1.0,2.0,2.0,2.0,0.0,2.0,0.0,0.0,0.0,2.0,29.0,4.0,10.0,5.0,3.0,15.0,4.0,7.0,5.0,2.0,1.0,1.0,1.0,1.0,0.0,1.5,2.0,2.0,2.0,2.0,1.0,0
127,InvalidCredentialsException.java,1.0,1.0,1.0,1.0,3.0,0.0,3.0,0.0,1.0,0.0,1.0,2.0,2.0,2.0,0.0,2.0,0.0,0.0,0.0,2.0,29.0,4.0,10.0,5.0,3.0,15.0,4.0,7.0,5.0,2.0,1.0,1.0,1.0,1.0,0.0,1.5,2.0,2.0,2.0,2.0,0.0,0
128,FileAlreadyExistsException.java,1.0,1.0,1.0,1.0,3.0,0.0,3.0,0.0,1.0,0.0,1.0,2.0,2.0,2.0,0.0,2.0,0.0,0.0,0.0,2.0,29.0,4.0,10.0,5.0,3.0,15.0,4.0,7.0,5.0,2.0,1.0,1.0,1.0,1.0,0.0,1.5,2.0,2.0,2.0,2.0,1.0,0
129,OctopusIOException.java,1.0,1.0,1.0,1.0,5.0,0.0,5.0,0.0,1.0,0.0,1.0,3.0,3.0,3.0,1.0,3.0,0.0,0.0,0.0,3.0,45.0,8.0,22.0,10.0,9.0,15.0,11.0,16.0,9.0,7.0,2.0,2.0,2.0,1.0,1.0,0.68,4.0,4.0,4.0,3.0,1.0,0
130,QueueStatus.java,0.0,0.0,0.0,0.0,0.0,0.0,0.0,0.0,1.0,0.0,0.0,0.0,5.0,5.0,0.0,5.0,0.0,0.0,0.0,5.0,63.0,7.0,9.0,8.0,0.0,47.0,7.0,8.0,8.0,0.0,0.0,0.0,0.0,0.0,0.0,5.22,0.0,0.0,0.0,0.0,18.0,0
131,OctopusException.java,1.0,1.0,1.0,1.0,5.0,0.0,5.0,0.0,1.0,0.0,1.0,3.0,3.0,3.0,1.0,3.0,0.0,0.0,0.0,3.0,43.0,7.0,21.0,9.0,9.0,15.0,10.0,15.0,8.0,7.0,2.0,2.0,2.0,1.0,1.0,0.71,4.0,4.0,4.0,3.0,1.0,0
132,GridEngineJobs.java,1.0,1.0,1.0,1.0,8.0,1.0,6.0,0.0,1.0,0.0,1.0,23.0,23.0,23.0,3.0,23.0,0.0,6.0,0.0,17.0,292.0,63.0,202.0,90.0,91.0,27.0,96.0,142.0,79.0,63.0,5.0,5.0,5.0,1.0,3.0,0.13,41.0,41.0,43.0,23.0,0.0,0
133,LocalDirectoryAttributeStream.java,1.0,1.0,1.0,1.0,4.0,0.0,4.0,0.0,1.0,0.0,0.0,6.0,6.0,6.0,2.0,6.0,1.0,0.0,0.0,5.0,82.0,14.0,43.0,25.0,12.0,25.0,21.0,29.0,20.0,9.0,2.0,2.0,2.0,1.0,1.0,0.58,7.0,7.0,7.0,6.0,14.0,0
134,LocalDirectoryStreamTest.java,1.0,1.0,1.0,1.0,8.0,1.0,6.0,0.0,3.0,2.0,1.0,14.0,14.0,12.0,5.0,14.0,0.0,0.0,0.0,14.0,200.0,45.0,136.0,74.0,63.0,19.0,76.0,100.0,61.0,39.0,4.0,4.0,4.0,1.0,2.0,0.14,21.0,21.0,21.0,14.0,9.0,0
135,CopyOptionTest.java,1.0,1.0,1.0,1.0,3.0,0.0,3.0,0.0,1.0,0.0,0.0,8.0,8.0,8.0,0.0,8.0,0.0,0.0,0.0,8.0,65.0,12.0,38.0,21.0,9.0,15.0,12.0,21.0,13.0,8.0,1.0,1.0,1.0,1.0,0.0,0.39,8.0,8.0,8.0,8.0,13.0,0
136,AdaptorStatusImplementationTest.java,1.0,1.0,1.0,1.0,18.0,6.0,12.0,0.0,1.0,0.0,0.0,2.0,2.0,2.0,0.0,2.0,0.0,0.0,0.0,2.0,70.0,20.0,31.0,16.0,18.0,19.0,19.0,22.0,12.0,10.0,1.0,1.0,1.0,1.0,0.0,0.61,2.0,2.0,2.0,2.0,12.0,0
138,CopyStatusImplementationTest.java,1.0,1.0,1.0,1.0,24.0,8.0,16.0,0.0,1.0,0.0,0.0,1.0,1.0,1.0,0.0,1.0,0.0,0.0,0.0,1.0,56.0,14.0,23.0,10.0,14.0,19.0,18.0,20.0,9.0,11.0,1.0,1.0,1.0,1.0,0.0,0.83,1.0,1.0,1.0,1.0,5.0,0
139,NoSuchJobException.java,1.0,1.0,1.0,1.0,3.0,0.0,3.0,0.0,1.0,0.0,1.0,2.0,2.0,2.0,0.0,2.0,0.0,0.0,0.0,2.0,29.0,4.0,10.0,5.0,3.0,15.0,4.0,7.0,5.0,2.0,1.0,1.0,1.0,1.0,0.0,1.5,2.0,2.0,2.0,2.0,11.0,0
140,BasicTests.java,1.0,1.0,1.0,1.0,10.0,3.0,6.0,0.0,1.0,0.0,0.0,3.0,3.0,3.0,0.0,3.0,0.0,0.0,0.0,3.0,65.0,17.0,32.0,19.0,14.0,16.0,21.0,25.0,16.0,9.0,1.0,1.0,1.0,1.0,0.0,0.5,3.0,3.0,3.0,3.0,3.0,0
141,JobImplementation.java,1.0,1.0,1.0,1.0,6.0,1.0,5.0,0.0,1.0,0.0,0.0,10.0,10.0,10.0,5.0,10.0,0.0,0.0,0.0,10.0,117.0,27.0,75.0,30.0,29.0,15.0,31.0,48.0,21.0,27.0,4.0,4.0,5.0,4.0,1.0,0.2,16.0,16.0,17.0,13.0,4.0,0
142,LocalInteractiveProcess.java,1.0,1.0,1.0,1.0,10.0,2.0,7.0,0.0,1.0,0.0,0.0,5.0,5.0,5.0,4.0,5.0,1.0,0.0,0.0,4.0,96.0,22.0,51.0,20.0,24.0,23.0,30.0,40.0,20.0,20.0,3.0,3.0,3.0,3.0,1.0,0.45,9.0,9.0,9.0,7.0,22.0,0
143,CertificateCredentialImplementation.java,1.0,1.0,1.0,1.0,10.0,0.0,4.0,5.0,1.0,0.0,0.0,4.0,4.0,4.0,2.0,4.0,0.0,0.0,0.0,4.0,78.0,9.0,24.0,12.0,9.0,45.0,11.0,16.0,10.0,6.0,1.0,1.0,1.0,1.0,0.0,1.88,4.0,4.0,4.0,4.0,14.0,0
144,SSHUtilTest.java,1.0,1.0,1.0,1.0,10.0,3.0,7.0,0.0,1.0,0.0,0.0,3.0,3.0,3.0,0.0,3.0,0.0,0.0,0.0,3.0,69.0,18.0,31.0,18.0,15.0,20.0,20.0,24.0,15.0,9.0,1.0,1.0,1.0,1.0,0.0,0.65,3.0,3.0,3.0,3.0,18.0,0
145,SshInputStream.java,1.0,1.0,1.0,1.0,3.0,0.0,3.0,0.0,1.0,0.0,0.0,13.0,13.0,13.0,3.0,13.0,0.0,0.0,0.0,13.0,104.0,16.0,66.0,33.0,18.0,22.0,23.0,38.0,21.0,17.0,1.0,1.0,1.0,1.0,1.0,0.33,13.0,13.0,13.0,13.0,11.0,0
146,InvalidPropertyException.java,1.0,1.0,1.0,1.0,3.0,0.0,3.0,0.0,1.0,0.0,1.0,2.0,2.0,2.0,0.0,2.0,0.0,0.0,0.0,2.0,29.0,4.0,10.0,5.0,3.0,15.0,4.0,7.0,5.0,2.0,1.0,1.0,1.0,1.0,0.0,1.5,2.0,2.0,2.0,2.0,12.0,0
147,package-info.java,0.0,0.0,0.0,0.0,0.0,0.0,0.0,0.0,0.0,0.0,0.0,0.0,0.0,0.0,0.0,0.0,0.0,0.0,0.0,0.0,21.0,2.0,1.0,1.0,0.0,18.0,1.0,1.0,1.0,0.0,0.0,0.0,0.0,0.0,0.0,18.0,0.0,0.0,0.0,0.0,51.0,0
148,FileTestConfig.java,1.0,1.0,1.0,1.0,3.0,0.0,3.0,0.0,1.0,0.0,0.0,5.0,7.0,7.0,0.0,7.0,0.0,0.0,1.0,6.0,52.0,10.0,23.0,12.0,5.0,19.0,11.0,17.0,12.0,5.0,1.0,1.0,1.0,1.0,0.0,0.83,5.0,5.0,5.0,5.0,20.0,0
149,PasswordCredentialImplementationTest.java,1.0,1.0,1.0,1.0,11.0,1.0,10.0,0.0,1.0,0.0,0.0,1.0,1.0,1.0,0.0,1.0,0.0,0.0,0.0,1.0,41.0,6.0,16.0,8.0,7.0,19.0,10.0,12.0,6.0,6.0,1.0,1.0,1.0,1.0,0.0,1.19,1.0,1.0,1.0,1.0,6.0,0
150,SshCredentials.java,1.0,1.0,2.0,1.0,10.0,1.0,8.0,0.0,1.0,1.0,1.0,6.0,6.0,5.0,3.0,6.0,0.0,1.0,0.0,5.0,108.0,20.0,71.0,37.0,31.0,17.0,36.0,47.0,30.0,17.0,5.0,5.0,7.0,3.0,1.0,0.24,10.0,10.0,12.0,8.0,19.0,0
151,LocalAdaptor.java,1.0,1.0,1.0,1.0,6.0,1.0,5.0,0.0,1.0,0.0,10.0,10.0,10.0,10.0,3.0,10.0,2.0,0.0,0.0,8.0,164.0,37.0,91.0,48.0,40.0,36.0,47.0,64.0,40.0,24.0,4.0,4.0,6.0,3.0,1.0,0.4,16.0,16.0,18.0,12.0,26.0,0
152,OpenOptions.java,2.0,1.0,2.0,1.0,7.0,1.0,6.0,0.0,1.0,1.0,0.0,9.0,9.0,8.0,4.0,9.0,0.0,0.0,0.0,9.0,112.0,24.0,69.0,18.0,36.0,19.0,29.0,46.0,19.0,27.0,11.0,5.0,12.0,1.0,2.0,0.28,21.0,15.0,24.0,9.0,8.0,0
153,CreatingOctopusWithProperties.java,2.0,2.0,2.0,1.0,24.0,5.0,12.0,7.0,1.0,1.0,0.0,1.0,1.0,0.0,0.0,1.0,0.0,0.0,0.0,1.0,58.0,10.0,19.0,9.0,9.0,29.0,12.0,15.0,9.0,6.0,2.0,2.0,2.0,1.0,1.0,1.53,2.0,2.0,2.0,1.0,6.0,0
154,JobStatusImplementation.java,1.0,1.0,1.0,1.0,4.0,0.0,4.0,0.0,1.0,0.0,0.0,10.0,10.0,10.0,7.0,10.0,0.0,0.0,0.0,10.0,96.0,18.0,63.0,32.0,19.0,15.0,28.0,40.0,22.0,18.0,2.0,2.0,2.0,1.0,1.0,0.24,11.0,11.0,11.0,10.0,18.0,0
155,RealFileUtilsTest.java,1.0,1.0,1.0,1.0,11.0,3.0,8.0,0.0,7.0,2.0,5.0,47.0,47.0,45.0,3.0,47.0,1.0,1.0,0.0,45.0,757.0,214.0,491.0,211.0,278.0,52.0,313.0,382.0,160.0,222.0,4.0,4.0,4.0,3.0,2.0,0.11,62.0,62.0,62.0,49.0,17.0,0
156,FileUtils.java,3.0,3.0,3.0,2.0,21.0,1.0,13.0,5.0,1.0,15.0,1.0,15.0,15.0,0.0,0.0,15.0,0.0,3.0,0.0,12.0,385.0,47.0,236.0,75.0,141.0,102.0,113.0,169.0,73.0,96.0,12.0,12.0,13.0,12.0,6.0,0.43,51.0,51.0,53.0,35.0,11.0,0
157,CopyImplementation.java,1.0,1.0,1.0,1.0,3.0,0.0,3.0,0.0,1.0,0.0,0.0,5.0,5.0,5.0,4.0,5.0,0.0,0.0,0.0,5.0,58.0,9.0,30.0,15.0,9.0,19.0,16.0,22.0,13.0,9.0,1.0,1.0,1.0,1.0,0.0,0.63,5.0,5.0,5.0,5.0,8.0,0
158,DirectoryIteratorException.java,1.0,1.0,1.0,1.0,3.0,0.0,3.0,0.0,1.0,0.0,1.0,2.0,2.0,2.0,0.0,2.0,0.0,0.0,0.0,2.0,30.0,5.0,10.0,5.0,3.0,15.0,4.0,7.0,5.0,2.0,1.0,1.0,1.0,1.0,0.0,1.5,2.0,2.0,2.0,2.0,0.0,0
159,EndOfFileException.java,1.0,1.0,1.0,1.0,3.0,0.0,3.0,0.0,1.0,0.0,1.0,2.0,2.0,2.0,0.0,2.0,0.0,0.0,0.0,2.0,29.0,4.0,10.0,5.0,3.0,15.0,4.0,7.0,5.0,2.0,1.0,1.0,1.0,1.0,0.0,1.5,2.0,2.0,2.0,2.0,13.0,0
160,SSHFileTestConfig.java,1.0,1.0,1.0,1.0,4.0,0.0,4.0,0.0,1.0,0.0,0.0,20.0,20.0,20.0,8.0,20.0,0.0,1.0,0.0,19.0,178.0,38.0,121.0,62.0,40.0,25.0,55.0,79.0,44.0,35.0,3.0,3.0,3.0,1.0,1.0,0.21,23.0,23.0,23.0,20.0,22.0,0
161,JobImplementationTest.java,1.0,1.0,1.0,1.0,11.0,2.0,8.0,0.0,1.0,0.0,0.0,7.0,7.0,7.0,0.0,7.0,0.0,0.0,0.0,7.0,127.0,32.0,76.0,45.0,40.0,24.0,41.0,49.0,33.0,16.0,1.0,1.0,1.0,1.0,0.0,0.32,7.0,7.0,7.0,7.0,9.0,0
162,SshInteractiveProcess.java,2.0,2.0,2.0,1.0,13.0,2.0,10.0,0.0,1.0,0.0,0.0,6.0,6.0,6.0,4.0,6.0,0.0,1.0,0.0,5.0,138.0,29.0,81.0,29.0,40.0,28.0,39.0,58.0,27.0,31.0,6.0,6.0,6.0,1.0,2.0,0.35,16.0,16.0,16.0,6.0,27.0,0
163,BadParameterException.java,1.0,1.0,1.0,1.0,3.0,0.0,3.0,0.0,1.0,0.0,1.0,2.0,2.0,2.0,0.0,2.0,0.0,0.0,0.0,2.0,30.0,5.0,10.0,5.0,3.0,15.0,4.0,7.0,5.0,2.0,1.0,1.0,1.0,1.0,0.0,1.5,2.0,2.0,2.0,2.0,11.0,0
164,SubmitBatchJobWithOutput.java,6.0,6.0,6.0,1.0,66.0,14.0,43.0,10.0,1.0,1.0,0.0,1.0,1.0,0.0,0.0,1.0,0.0,0.0,0.0,1.0,111.0,19.0,61.0,32.0,37.0,32.0,45.0,52.0,31.0,21.0,6.0,6.0,6.0,1.0,3.0,0.52,6.0,6.0,6.0,1.0,14.0,0
165,IllegalTargetPathException.java,1.0,1.0,1.0,1.0,3.0,0.0,3.0,0.0,1.0,0.0,1.0,2.0,2.0,2.0,0.0,2.0,0.0,0.0,0.0,2.0,29.0,4.0,10.0,5.0,3.0,15.0,4.0,7.0,5.0,2.0,1.0,1.0,1.0,1.0,0.0,1.5,2.0,2.0,2.0,2.0,5.0,0
166,SshAdaptor.java,1.0,1.0,2.0,1.0,6.0,0.0,5.0,0.0,1.0,0.0,14.0,12.0,12.0,12.0,4.0,12.0,3.0,0.0,1.0,8.0,227.0,39.0,125.0,63.0,62.0,64.0,69.0,85.0,55.0,30.0,10.0,2.0,10.0,1.0,1.0,0.51,23.0,15.0,25.0,12.0,39.0,0
167,CreateFileSystem.java,2.0,2.0,2.0,1.0,32.0,8.0,15.0,10.0,1.0,1.0,0.0,1.0,1.0,0.0,0.0,1.0,0.0,0.0,0.0,1.0,69.0,13.0,25.0,16.0,12.0,32.0,18.0,21.0,16.0,5.0,2.0,2.0,2.0,1.0,1.0,1.28,2.0,2.0,2.0,1.0,10.0,0
168,RelativePathTest.java,1.0,1.0,1.0,1.0,5.0,0.0,5.0,0.0,1.0,0.0,0.0,88.0,88.0,88.0,0.0,88.0,0.0,0.0,0.0,88.0,686.0,115.0,556.0,357.0,286.0,15.0,286.0,377.0,271.0,106.0,2.0,2.0,2.0,1.0,1.0,0.03,90.0,90.0,90.0,88.0,7.0,0
169,AdaptorTest.java,1.0,1.0,1.0,1.0,7.0,1.0,5.0,0.0,2.0,0.0,0.0,10.0,10.0,10.0,0.0,10.0,0.0,0.0,0.0,10.0,136.0,34.0,83.0,53.0,33.0,19.0,43.0,55.0,40.0,15.0,1.0,1.0,1.0,1.0,0.0,0.23,10.0,10.0,10.0,10.0,16.0,0
170,SSHJobAdaptorTest.java,1.0,1.0,1.0,1.0,3.0,0.0,3.0,0.0,1.0,2.0,0.0,2.0,2.0,0.0,0.0,2.0,0.0,0.0,0.0,2.0,39.0,6.0,14.0,9.0,2.0,19.0,6.0,9.0,7.0,2.0,1.0,1.0,1.0,1.0,0.0,1.36,2.0,2.0,2.0,2.0,4.0,0
171,IncompleteJobDescriptionException.java,1.0,1.0,1.0,1.0,3.0,0.0,3.0,0.0,1.0,0.0,1.0,2.0,2.0,2.0,0.0,2.0,0.0,0.0,0.0,2.0,29.0,4.0,10.0,5.0,3.0,15.0,4.0,7.0,5.0,2.0,1.0,1.0,1.0,1.0,0.0,1.5,2.0,2.0,2.0,2.0,12.0,0
172,JavaJobDescription.java,1.0,1.0,1.0,1.0,11.0,0.0,5.0,5.0,1.0,0.0,0.0,15.0,15.0,15.0,5.0,15.0,0.0,0.0,0.0,15.0,240.0,28.0,104.0,32.0,52.0,108.0,45.0,77.0,36.0,41.0,12.0,12.0,12.0,1.0,3.0,1.04,27.0,27.0,27.0,15.0,23.0,0
173,FileSystem.java,0.0,0.0,0.0,0.0,0.0,0.0,0.0,0.0,1.0,0.0,0.0,0.0,4.0,4.0,0.0,4.0,0.0,0.0,0.0,4.0,59.0,6.0,9.0,8.0,0.0,44.0,7.0,8.0,8.0,0.0,0.0,0.0,0.0,0.0,0.0,4.89,0.0,0.0,0.0,0.0,54.0,0
174,CommandRunner.java,3.0,3.0,3.0,1.0,13.0,1.0,11.0,0.0,1.0,1.0,1.0,6.0,6.0,5.0,3.0,6.0,0.0,1.0,0.0,5.0,135.0,24.0,83.0,26.0,46.0,28.0,41.0,61.0,27.0,34.0,8.0,8.0,8.0,6.0,4.0,0.34,18.0,18.0,18.0,11.0,17.0,0
175,LocalCredentials.java,1.0,1.0,1.0,1.0,3.0,0.0,3.0,0.0,1.0,0.0,0.0,4.0,4.0,4.0,1.0,4.0,0.0,0.0,0.0,4.0,60.0,9.0,27.0,18.0,5.0,24.0,10.0,15.0,11.0,4.0,1.0,1.0,1.0,1.0,0.0,0.89,4.0,4.0,4.0,4.0,11.0,0
176,SchedulerImplementation.java,1.0,1.0,1.0,1.0,5.0,0.0,5.0,0.0,1.0,0.0,0.0,13.0,13.0,13.0,9.0,13.0,0.0,0.0,0.0,13.0,135.0,25.0,94.0,42.0,35.0,16.0,43.0,62.0,31.0,31.0,4.0,4.0,5.0,4.0,1.0,0.17,18.0,18.0,19.0,16.0,12.0,0
177,Credential.java,0.0,0.0,0.0,0.0,0.0,0.0,0.0,0.0,1.0,0.0,0.0,0.0,2.0,2.0,0.0,2.0,0.0,0.0,0.0,2.0,42.0,4.0,6.0,5.0,0.0,32.0,4.0,5.0,5.0,0.0,0.0,0.0,0.0,0.0,0.0,5.33,0.0,0.0,0.0,0.0,16.0,0
178,NoSuchFileException.java,1.0,1.0,1.0,1.0,3.0,0.0,3.0,0.0,1.0,0.0,1.0,2.0,2.0,2.0,0.0,2.0,0.0,0.0,0.0,2.0,29.0,4.0,10.0,5.0,3.0,15.0,4.0,7.0,5.0,2.0,1.0,1.0,1.0,1.0,0.0,1.5,2.0,2.0,2.0,2.0,0.0,0
179,CredentialsEngineImplementation.java,1.0,1.0,1.0,1.0,4.0,0.0,4.0,0.0,1.0,0.0,0.0,5.0,5.0,5.0,1.0,5.0,0.0,0.0,0.0,5.0,59.0,8.0,36.0,25.0,9.0,15.0,17.0,23.0,18.0,5.0,1.0,1.0,1.0,1.0,0.0,0.42,5.0,5.0,5.0,5.0,15.0,0
180,InvalidCredentialException.java,1.0,1.0,1.0,1.0,3.0,0.0,3.0,0.0,1.0,0.0,1.0,2.0,2.0,2.0,0.0,2.0,0.0,0.0,0.0,2.0,29.0,4.0,10.0,5.0,3.0,15.0,4.0,7.0,5.0,2.0,1.0,1.0,1.0,1.0,0.0,1.5,2.0,2.0,2.0,2.0,12.0,0
181,LocalJobTestConfig.java,1.0,1.0,1.0,1.0,3.0,0.0,3.0,0.0,1.0,0.0,0.0,16.0,16.0,16.0,4.0,16.0,0.0,0.0,0.0,16.0,122.0,22.0,81.0,44.0,20.0,23.0,34.0,51.0,31.0,20.0,1.0,1.0,1.0,1.0,0.0,0.28,16.0,16.0,16.0,16.0,20.0,0
182,StreamsImplementationTest.java,1.0,1.0,1.0,1.0,22.0,7.0,15.0,1.0,1.0,0.0,0.0,1.0,1.0,1.0,0.0,1.0,0.0,0.0,0.0,1.0,62.0,14.0,29.0,22.0,12.0,20.0,22.0,24.0,20.0,4.0,1.0,1.0,1.0,1.0,0.0,0.69,1.0,1.0,1.0,1.0,16.0,0
183,FileVisitor.java,0.0,0.0,0.0,0.0,0.0,0.0,0.0,0.0,1.0,0.0,0.0,0.0,4.0,4.0,0.0,4.0,4.0,0.0,0.0,0.0,44.0,6.0,11.0,10.0,0.0,27.0,9.0,10.0,10.0,0.0,0.0,0.0,0.0,0.0,0.0,2.45,0.0,0.0,0.0,0.0,9.0,0
184,ITFileTests_SFTP_testuser_localhost.java,1.0,1.0,1.0,1.0,7.0,1.0,5.0,1.0,1.0,0.0,0.0,3.0,3.0,3.0,0.0,3.0,0.0,0.0,0.0,3.0,55.0,12.0,23.0,15.0,9.0,21.0,13.0,17.0,14.0,3.0,1.0,1.0,1.0,1.0,0.0,0.91,3.0,3.0,3.0,3.0,9.0,0
185,InvalidJobDescriptionException.java,1.0,1.0,1.0,1.0,3.0,0.0,3.0,0.0,1.0,0.0,1.0,2.0,2.0,2.0,0.0,2.0,0.0,0.0,0.0,2.0,29.0,4.0,10.0,5.0,3.0,15.0,4.0,7.0,5.0,2.0,1.0,1.0,1.0,1.0,0.0,1.5,2.0,2.0,2.0,2.0,12.0,0
186,IllegalPropertyException.java,1.0,1.0,1.0,1.0,3.0,0.0,3.0,0.0,1.0,0.0,1.0,2.0,2.0,2.0,0.0,2.0,0.0,0.0,0.0,2.0,29.0,4.0,10.0,5.0,3.0,15.0,4.0,7.0,5.0,2.0,1.0,1.0,1.0,1.0,0.0,1.5,2.0,2.0,2.0,2.0,1.0,0
187,AdaptorStatusImplementation.java,1.0,1.0,1.0,1.0,4.0,0.0,4.0,0.0,1.0,0.0,0.0,7.0,7.0,7.0,5.0,7.0,0.0,0.0,0.0,7.0,73.0,12.0,46.0,24.0,14.0,15.0,21.0,29.0,17.0,12.0,1.0,1.0,1.0,1.0,0.0,0.33,7.0,7.0,7.0,7.0,12.0,0
188,CredentialsEngineImplementationTest.java,1.0,1.0,1.0,1.0,10.0,2.0,7.0,0.0,1.0,2.0,1.0,6.0,6.0,4.0,0.0,6.0,0.0,0.0,0.0,6.0,113.0,31.0,63.0,34.0,33.0,19.0,43.0,50.0,28.0,22.0,1.0,1.0,1.0,1.0,0.0,0.3,6.0,6.0,6.0,6.0,14.0,0
189,QueueStatusImplementationTest.java,1.0,1.0,1.0,1.0,12.0,3.0,8.0,0.0,1.0,0.0,0.0,6.0,6.0,6.0,0.0,6.0,0.0,0.0,0.0,6.0,119.0,33.0,67.0,38.0,36.0,24.0,35.0,42.0,27.0,15.0,1.0,1.0,1.0,1.0,0.0,0.36,6.0,6.0,6.0,6.0,16.0,0
190,AbstractFileTests.java,1.0,1.0,1.0,1.0,16.0,2.0,10.0,2.0,1.0,4.0,2.0,26.0,28.0,24.0,1.0,28.0,1.0,0.0,9.0,18.0,557.0,113.0,313.0,147.0,203.0,132.0,195.0,245.0,135.0,110.0,6.0,6.0,6.0,4.0,3.0,0.42,48.0,48.0,48.0,31.0,8.0,0
191,Adaptor.java,2.0,2.0,2.0,1.0,8.0,1.0,6.0,0.0,1.0,0.0,0.0,9.0,14.0,14.0,7.0,14.0,0.0,1.0,1.0,12.0,147.0,37.0,88.0,38.0,35.0,22.0,52.0,72.0,40.0,32.0,5.0,5.0,5.0,3.0,2.0,0.25,18.0,18.0,18.0,11.0,28.0,0
192,IllegalSourcePathException.java,1.0,1.0,1.0,1.0,3.0,0.0,3.0,0.0,1.0,0.0,1.0,2.0,2.0,2.0,0.0,2.0,0.0,0.0,0.0,2.0,29.0,4.0,10.0,5.0,3.0,15.0,4.0,7.0,5.0,2.0,1.0,1.0,1.0,1.0,0.0,1.5,2.0,2.0,2.0,2.0,4.0,0
193,Streams.java,0.0,0.0,0.0,0.0,0.0,0.0,0.0,0.0,1.0,0.0,0.0,0.0,4.0,4.0,0.0,4.0,0.0,0.0,0.0,4.0,56.0,7.0,9.0,8.0,0.0,40.0,7.0,8.0,8.0,0.0,0.0,0.0,0.0,0.0,0.0,4.44,0.0,0.0,0.0,0.0,16.0,0
194,UnknownPropertyException.java,1.0,1.0,1.0,1.0,3.0,0.0,3.0,0.0,1.0,0.0,1.0,2.0,2.0,2.0,0.0,2.0,0.0,0.0,0.0,2.0,29.0,4.0,10.0,5.0,3.0,15.0,4.0,7.0,5.0,2.0,1.0,1.0,1.0,1.0,0.0,1.5,2.0,2.0,2.0,2.0,12.0,0
195,InterSchemeCopyTest.java,1.0,1.0,1.0,1.0,47.0,14.0,30.0,4.0,1.0,0.0,0.0,1.0,1.0,1.0,0.0,1.0,0.0,0.0,0.0,1.0,83.0,21.0,40.0,21.0,28.0,23.0,35.0,37.0,20.0,17.0,1.0,1.0,1.0,1.0,0.0,0.57,1.0,1.0,1.0,1.0,5.0,0
196,JobExecutor.java,2.0,2.0,2.0,1.0,12.0,2.0,9.0,0.0,1.0,0.0,0.0,15.0,15.0,15.0,13.0,15.0,0.0,3.0,0.0,12.0,261.0,63.0,165.0,53.0,92.0,33.0,87.0,123.0,51.0,72.0,10.0,10.0,11.0,7.0,2.0,0.2,35.0,35.0,37.0,25.0,54.0,0
197,SandboxTest.java,1.0,1.0,1.0,1.0,12.0,1.0,10.0,0.0,1.0,0.0,0.0,24.0,24.0,24.0,0.0,24.0,0.0,1.0,0.0,23.0,379.0,73.0,289.0,191.0,193.0,36.0,209.0,236.0,167.0,69.0,2.0,2.0,2.0,1.0,1.0,0.12,26.0,26.0,26.0,24.0,9.0,0
198,UnsupportedJobDescriptionException.java,1.0,1.0,1.0,1.0,3.0,0.0,3.0,0.0,1.0,0.0,1.0,2.0,2.0,2.0,0.0,2.0,0.0,0.0,0.0,2.0,29.0,4.0,10.0,5.0,3.0,15.0,4.0,7.0,5.0,2.0,1.0,1.0,1.0,1.0,0.0,1.5,2.0,2.0,2.0,2.0,12.0,0
199,NoSuchQueueException.java,1.0,1.0,1.0,1.0,3.0,0.0,3.0,0.0,1.0,0.0,1.0,2.0,2.0,2.0,0.0,2.0,0.0,0.0,0.0,2.0,29.0,4.0,10.0,5.0,3.0,15.0,4.0,7.0,5.0,2.0,1.0,1.0,1.0,1.0,0.0,1.5,2.0,2.0,2.0,2.0,11.0,0
200,BatchProcess.java,2.0,2.0,2.0,1.0,13.0,2.0,9.0,1.0,1.0,0.0,0.0,8.0,8.0,8.0,4.0,8.0,0.0,3.0,0.0,5.0,166.0,35.0,98.0,37.0,50.0,33.0,54.0,74.0,34.0,40.0,5.0,5.0,5.0,1.0,2.0,0.34,19.0,19.0,19.0,8.0,30.0,0
201,CreatingCredential.java,2.0,2.0,2.0,1.0,24.0,6.0,13.0,5.0,1.0,1.0,0.0,1.0,1.0,0.0,0.0,1.0,0.0,0.0,0.0,1.0,59.0,10.0,22.0,12.0,10.0,27.0,14.0,17.0,11.0,6.0,2.0,2.0,2.0,1.0,1.0,1.23,2.0,2.0,2.0,1.0,14.0,0
202,GenericTestConfig.java,1.0,1.0,1.0,1.0,3.0,0.0,3.0,0.0,1.0,0.0,0.0,16.0,21.0,21.0,1.0,21.0,0.0,0.0,1.0,20.0,106.0,26.0,61.0,28.0,16.0,19.0,27.0,44.0,28.0,16.0,1.0,1.0,1.0,1.0,0.0,0.31,16.0,16.0,16.0,16.0,11.0,0
203,SandboxedLocalJobIT.java,3.0,3.0,3.0,1.0,81.0,14.0,43.0,26.0,1.0,0.0,0.0,1.0,1.0,1.0,0.0,1.0,0.0,0.0,0.0,1.0,127.0,20.0,68.0,42.0,39.0,41.0,57.0,61.0,41.0,20.0,3.0,3.0,3.0,1.0,1.0,0.6,3.0,3.0,3.0,1.0,12.0,0
204,CopyImplementationTest.java,1.0,1.0,1.0,1.0,10.0,3.0,7.0,0.0,1.0,0.0,0.0,1.0,1.0,1.0,0.0,1.0,0.0,0.0,0.0,1.0,42.0,9.0,14.0,8.0,5.0,19.0,9.0,11.0,7.0,4.0,1.0,1.0,1.0,1.0,0.0,1.36,1.0,1.0,1.0,1.0,4.0,0
205,LocalDirectoryAttributeStreamTest.java,1.0,1.0,1.0,1.0,11.0,2.0,8.0,0.0,3.0,2.0,1.0,15.0,15.0,13.0,6.0,15.0,0.0,0.0,0.0,15.0,250.0,59.0,172.0,92.0,81.0,19.0,93.0,122.0,70.0,52.0,4.0,4.0,4.0,1.0,2.0,0.11,26.0,26.0,26.0,15.0,17.0,0
206,ITJobLocal.java,1.0,1.0,1.0,1.0,31.0,6.0,18.0,7.0,1.0,0.0,0.0,1.0,1.0,1.0,2.0,1.0,0.0,0.0,0.0,1.0,74.0,14.0,38.0,25.0,18.0,22.0,32.0,34.0,23.0,11.0,1.0,1.0,1.0,1.0,0.0,0.58,1.0,1.0,1.0,1.0,10.0,0
207,SshFiles.java,2.0,2.0,2.0,1.0,16.0,2.0,11.0,2.0,2.0,1.0,2.0,37.0,37.0,36.0,6.0,37.0,0.0,4.0,1.0,32.0,942.0,155.0,522.0,188.0,295.0,265.0,255.0,355.0,155.0,200.0,18.0,12.0,24.0,1.0,3.0,0.51,102.0,96.0,109.0,37.0,34.0,0
208,Copy.java,0.0,0.0,0.0,0.0,0.0,0.0,0.0,0.0,1.0,0.0,0.0,0.0,2.0,2.0,0.0,2.0,0.0,0.0,0.0,2.0,41.0,4.0,5.0,4.0,0.0,32.0,3.0,4.0,4.0,0.0,0.0,0.0,0.0,0.0,0.0,6.4,0.0,0.0,0.0,0.0,8.0,0
209,GridEngineSetupInfo.java,2.0,2.0,2.0,1.0,17.0,4.0,12.0,0.0,3.0,1.0,1.0,4.0,4.0,3.0,5.0,4.0,1.0,1.0,0.0,2.0,126.0,33.0,67.0,28.0,32.0,26.0,36.0,51.0,28.0,23.0,5.0,5.0,5.0,1.0,2.0,0.39,11.0,11.0,11.0,4.0,0.0,0
210,JobStatusImplementationTest.java,1.0,1.0,1.0,1.0,16.0,5.0,11.0,0.0,1.0,0.0,0.0,4.0,4.0,4.0,0.0,4.0,0.0,0.0,0.0,4.0,109.0,29.0,61.0,38.0,35.0,22.0,39.0,44.0,31.0,13.0,1.0,1.0,1.0,1.0,0.0,0.36,4.0,4.0,4.0,4.0,22.0,0
211,AbsolutePathImplementation.java,1.0,1.0,1.0,1.0,6.0,0.0,4.0,0.0,2.0,0.0,0.0,26.0,26.0,26.0,3.0,26.0,1.0,0.0,0.0,25.0,241.0,49.0,151.0,61.0,54.0,41.0,51.0,90.0,39.0,51.0,6.0,6.0,6.0,6.0,1.0,0.27,37.0,37.0,37.0,31.0,1.0,0
212,InvalidOpenOptionsException.java,1.0,1.0,1.0,1.0,3.0,0.0,3.0,0.0,1.0,0.0,1.0,2.0,2.0,2.0,0.0,2.0,0.0,0.0,0.0,2.0,29.0,4.0,10.0,5.0,3.0,15.0,4.0,7.0,5.0,2.0,1.0,1.0,1.0,1.0,0.0,1.5,2.0,2.0,2.0,2.0,4.0,0
213,OctopusProperties.java,2.0,2.0,2.0,1.0,17.0,1.0,8.0,8.0,1.0,0.0,1.0,32.0,32.0,32.0,0.0,32.0,1.0,1.0,0.0,30.0,765.0,95.0,286.0,82.0,156.0,384.0,123.0,198.0,81.0,117.0,6.0,6.0,9.0,6.0,2.0,1.34,74.0,74.0,80.0,47.0,18.0,0
214,SshInteractiveProcessFactory.java,1.0,1.0,1.0,1.0,3.0,0.0,3.0,0.0,1.0,0.0,0.0,2.0,2.0,2.0,1.0,2.0,0.0,0.0,0.0,2.0,41.0,7.0,15.0,10.0,2.0,19.0,8.0,11.0,9.0,2.0,1.0,1.0,1.0,1.0,0.0,1.27,2.0,2.0,2.0,2.0,19.0,0
