index,File,AltAvgLineBlank,AltAvgLineCode,AltAvgLineComment,AltCountLineBlank,AltCountLineCode,AltCountLineComment,AvgCyclomatic,AvgCyclomaticModified,AvgCyclomaticStrict,AvgEssential,AvgLine,AvgLineBlank,AvgLineCode,AvgLineComment,CountDeclClass,CountDeclFunction,CountLine,CountLineBlank,CountLineCode,CountLineCodeDecl,CountLineCodeExe,CountLineComment,CountLineInactive,CountLinePreprocessor,CountSemicolon,CountStmt,CountStmtDecl,CountStmtEmpty,CountStmtExe,MaxCyclomatic,MaxCyclomaticModified,MaxCyclomaticStrict,MaxEssential,MaxNesting,RatioCommentToCode,SumCyclomatic,SumCyclomaticModified,SumCyclomaticStrict,SumEssential,Bugs
0,ParticleData.h,0.0,2.0,0.0,168.0,393.0,516.0,1.0,1.0,1.0,1.0,2.0,0.0,2.0,0.0,1.0,63.0,999.0,162.0,317.0,224.0,85.0,477.0,72.0,53.0,222.0,288.0,207.0,0.0,81.0,3.0,3.0,3.0,1.0,2.0,1.50,66.0,66.0,67.0,63.0,0.0
1,Analyzer.h,0.0,3.0,0.0,21.0,43.0,110.0,1.0,1.0,1.0,1.0,3.0,0.0,3.0,0.0,1.0,4.0,169.0,21.0,24.0,13.0,2.0,106.0,9.0,14.0,11.0,14.0,13.0,0.0,1.0,1.0,1.0,1.0,1.0,0.0,4.42,4.0,4.0,4.0,4.0,0.0
3,GPUArray.h,3.0,24.0,3.0,150.0,808.0,408.0,2.0,2.0,2.0,1.0,30.0,2.0,10.0,2.0,2.0,25.0,1338.0,114.0,329.0,118.0,148.0,308.0,505.0,117.0,163.0,209.0,72.0,2.0,135.0,6.0,6.0,6.0,4.0,3.0,0.94,51.0,51.0,54.0,28.0,0.0
4,GPUVector.h,0.0,5.0,0.0,54.0,156.0,146.0,1.0,1.0,1.0,1.0,6.0,0.0,5.0,0.0,2.0,20.0,352.0,52.0,130.0,52.0,39.0,136.0,24.0,15.0,53.0,77.0,44.0,0.0,33.0,4.0,4.0,4.0,1.0,2.0,1.05,25.0,25.0,25.0,20.0,0.0
5,ExecutionConfiguration.h,0.0,5.0,0.0,43.0,133.0,116.0,1.0,1.0,1.0,1.0,5.0,0.0,4.0,0.0,0.0,4.0,278.0,27.0,45.0,32.0,15.0,91.0,91.0,36.0,18.0,22.0,18.0,0.0,4.0,1.0,1.0,1.0,1.0,0.0,2.02,4.0,4.0,4.0,4.0,0.0
7,BoxDim.h,0.0,10.0,0.0,50.0,322.0,218.0,2.0,2.0,2.0,1.0,11.0,0.0,9.0,0.0,1.0,27.0,581.0,48.0,269.0,52.0,133.0,217.0,35.0,24.0,119.0,169.0,53.0,0.0,116.0,10.0,10.0,10.0,4.0,2.0,0.81,52.0,52.0,52.0,30.0,0.0
13,Index1D.h,0.0,4.0,0.0,27.0,98.0,129.0,1.0,1.0,1.0,1.0,4.0,0.0,4.0,0.0,3.0,17.0,247.0,27.0,88.0,30.0,23.0,129.0,1.0,10.0,30.0,48.0,29.0,0.0,19.0,2.0,2.0,2.0,1.0,1.0,1.47,18.0,18.0,18.0,17.0,0.0
14,DomainDecomposition.h,0.0,0.0,0.0,18.0,38.0,92.0,0.0,0.0,0.0,0.0,0.0,0.0,0.0,0.0,1.0,0.0,139.0,9.0,3.0,1.0,0.0,68.0,50.0,11.0,1.0,1.0,1.0,0.0,0.0,0.0,0.0,0.0,0.0,0.0,22.67,0.0,0.0,0.0,0.0,0.0
19,cudacpu_host_defines.h,0.0,0.0,0.0,40.0,107.0,72.0,0.0,0.0,0.0,0.0,0.0,0.0,0.0,0.0,0.0,0.0,203.0,19.0,0.0,0.0,0.0,55.0,84.0,107.0,0.0,0.0,0.0,0.0,0.0,0.0,0.0,0.0,0.0,0.0,0.00,0.0,0.0,0.0,0.0,0.0
20,ConstExternalFieldDipoleForceCompute.h,0.0,0.0,0.0,12.0,19.0,61.0,0.0,0.0,0.0,0.0,0.0,0.0,0.0,0.0,1.0,0.0,91.0,12.0,11.0,6.0,0.0,61.0,1.0,8.0,6.0,8.0,7.0,0.0,1.0,0.0,0.0,0.0,0.0,0.0,5.55,0.0,0.0,0.0,0.0,0.0
21,ForceCompute.h,0.0,4.0,0.0,42.0,89.0,116.0,1.0,1.0,1.0,1.0,4.0,0.0,4.0,0.0,1.0,6.0,236.0,42.0,58.0,35.0,8.0,114.0,14.0,25.0,36.0,42.0,35.0,0.0,7.0,1.0,1.0,1.0,1.0,0.0,1.97,6.0,6.0,6.0,6.0,0.0
22,TwoStepNPHRigid.cc,14.0,46.0,6.0,114.0,335.0,113.0,5.0,5.0,5.0,1.0,66.0,14.0,46.0,6.0,0.0,7.0,559.0,114.0,324.0,81.0,232.0,113.0,3.0,11.0,243.0,274.0,74.0,0.0,200.0,10.0,10.0,10.0,1.0,2.0,0.35,32.0,32.0,32.0,7.0,0.0
24,QuaternionMath.h,2.0,15.0,1.0,55.0,260.0,187.0,2.0,2.0,2.0,1.0,18.0,2.0,15.0,1.0,0.0,17.0,502.0,55.0,251.0,60.0,168.0,187.0,1.0,9.0,185.0,211.0,43.0,0.0,168.0,8.0,8.0,8.0,1.0,1.0,0.75,27.0,27.0,27.0,17.0,0.0
25,TwoStepNPHRigid.h,0.0,0.0,0.0,12.0,27.0,67.0,0.0,0.0,0.0,0.0,0.0,0.0,0.0,0.0,1.0,0.0,105.0,12.0,18.0,14.0,1.0,67.0,1.0,9.0,8.0,8.0,8.0,0.0,0.0,0.0,0.0,0.0,0.0,0.0,3.72,0.0,0.0,0.0,0.0,0.0
30,Messenger.h,0.0,4.0,0.0,60.0,173.0,228.0,1.0,1.0,1.0,1.0,4.0,0.0,4.0,0.0,1.0,14.0,437.0,42.0,88.0,40.0,16.0,198.0,102.0,24.0,42.0,57.0,41.0,0.0,16.0,2.0,2.0,2.0,1.0,0.0,2.25,15.0,15.0,15.0,14.0,0.0
31,Autotuner.cc,3.0,27.0,4.0,35.0,199.0,49.0,4.0,4.0,4.0,1.0,34.0,3.0,22.0,3.0,0.0,7.0,283.0,34.0,159.0,38.0,84.0,47.0,28.0,15.0,68.0,95.0,22.0,0.0,73.0,8.0,8.0,8.0,1.0,3.0,0.30,25.0,25.0,25.0,7.0,0.0
35,Autotuner.h,0.0,6.0,0.0,23.0,77.0,73.0,2.0,2.0,2.0,1.0,6.0,0.0,6.0,0.0,1.0,4.0,157.0,23.0,64.0,41.0,9.0,71.0,3.0,11.0,28.0,34.0,26.0,0.0,8.0,2.0,2.0,3.0,1.0,1.0,1.11,6.0,6.0,7.0,4.0,0.0
36,test_fire_energy_minimizer.cc,5.0,27.0,2.0,55.0,466.0,68.0,3.0,3.0,3.0,2.0,33.0,5.0,27.0,2.0,0.0,6.0,589.0,54.0,430.0,337.0,380.0,65.0,20.0,24.0,132.0,152.0,73.0,0.0,79.0,7.0,7.0,7.0,4.0,3.0,0.15,18.0,18.0,18.0,13.0,0.0
38,FIREEnergyMinimizer.h,0.0,2.0,0.0,26.0,53.0,104.0,1.0,1.0,1.0,1.0,2.0,0.0,2.0,0.0,1.0,7.0,165.0,26.0,45.0,36.0,9.0,104.0,1.0,8.0,37.0,44.0,36.0,0.0,8.0,1.0,1.0,1.0,1.0,0.0,2.31,7.0,7.0,7.0,7.0,0.0
39,FIREEnergyMinimizerGPU.h,0.0,1.0,0.0,15.0,28.0,73.0,1.0,1.0,1.0,1.0,1.0,0.0,1.0,0.0,1.0,1.0,107.0,15.0,20.0,15.0,0.0,73.0,1.0,8.0,14.0,17.0,16.0,0.0,1.0,1.0,1.0,1.0,1.0,0.0,3.65,1.0,1.0,1.0,1.0,0.0
40,AllPairPotentials.h,0.0,0.0,0.0,12.0,53.0,80.0,0.0,0.0,0.0,0.0,0.0,0.0,0.0,0.0,0.0,0.0,144.0,11.0,13.0,13.0,0.0,67.0,32.0,27.0,13.0,13.0,13.0,0.0,0.0,0.0,0.0,0.0,0.0,0.0,5.15,0.0,0.0,0.0,0.0,0.0
41,NeighborList.h,0.0,5.0,0.0,75.0,194.0,256.0,1.0,1.0,1.0,1.0,5.0,0.0,5.0,0.0,1.0,17.0,489.0,74.0,153.0,88.0,25.0,247.0,28.0,24.0,90.0,110.0,85.0,0.0,25.0,2.0,2.0,2.0,1.0,1.0,1.61,18.0,18.0,18.0,17.0,0.0
42,ComputeThermo.h,0.0,10.0,1.0,24.0,100.0,114.0,1.0,1.0,1.0,1.0,11.0,0.0,10.0,1.0,1.0,7.0,234.0,24.0,88.0,31.0,31.0,114.0,1.0,12.0,43.0,53.0,29.0,0.0,24.0,2.0,2.0,2.0,1.0,1.0,1.30,10.0,10.0,10.0,7.0,0.0
43,boost_utf_configure.h,0.0,0.0,0.0,13.0,21.0,81.0,0.0,0.0,0.0,0.0,0.0,0.0,0.0,0.0,0.0,0.0,115.0,13.0,3.0,3.0,3.0,81.0,1.0,18.0,3.0,3.0,3.0,0.0,0.0,0.0,0.0,0.0,0.0,0.0,27.00,0.0,0.0,0.0,0.0,0.0
45,test_nvt_integrator_mpi.cc,17.0,74.0,8.0,42.0,177.0,18.0,9.0,9.0,9.0,1.0,98.0,17.0,67.0,8.0,0.0,2.0,237.0,42.0,134.0,27.0,102.0,17.0,20.0,29.0,98.0,117.0,28.0,0.0,89.0,17.0,17.0,17.0,1.0,4.0,0.13,18.0,18.0,18.0,2.0,0.0
46,MPITestSetup.h,0.0,0.0,0.0,13.0,36.0,61.0,0.0,0.0,0.0,0.0,0.0,0.0,0.0,0.0,0.0,0.0,109.0,1.0,0.0,0.0,0.0,50.0,57.0,12.0,0.0,0.0,0.0,0.0,0.0,0.0,0.0,0.0,0.0,0.0,0.00,0.0,0.0,0.0,0.0,0.0
47,System.h,0.0,8.0,0.0,80.0,222.0,222.0,2.0,2.0,2.0,1.0,9.0,0.0,8.0,0.0,1.0,14.0,490.0,78.0,194.0,90.0,54.0,217.0,14.0,21.0,106.0,128.0,82.0,0.0,46.0,5.0,5.0,5.0,1.0,3.0,1.12,22.0,22.0,22.0,14.0,0.0
48,TwoStepNVT.h,0.0,5.0,0.0,18.0,45.0,84.0,1.0,1.0,1.0,1.0,5.0,0.0,5.0,0.0,1.0,3.0,142.0,18.0,36.0,22.0,7.0,84.0,1.0,9.0,18.0,21.0,17.0,0.0,4.0,1.0,1.0,1.0,1.0,0.0,2.33,3.0,3.0,3.0,3.0,0.0
49,IntegratorTwoStep.h,0.0,0.0,0.0,23.0,34.0,90.0,0.0,0.0,0.0,0.0,0.0,0.0,0.0,0.0,1.0,0.0,142.0,23.0,23.0,19.0,0.0,87.0,5.0,10.0,19.0,19.0,19.0,0.0,0.0,0.0,0.0,0.0,0.0,0.0,3.78,0.0,0.0,0.0,0.0,0.0
50,NeighborListBinned.h,0.0,0.0,0.0,13.0,23.0,65.0,0.0,0.0,0.0,0.0,0.0,0.0,0.0,0.0,1.0,0.0,100.0,13.0,15.0,11.0,1.0,65.0,1.0,8.0,8.0,8.0,8.0,0.0,0.0,0.0,0.0,0.0,0.0,0.0,4.33,0.0,0.0,0.0,0.0,0.0
51,RandomGenerator.h,0.0,2.0,0.0,40.0,115.0,185.0,1.0,1.0,1.0,1.0,2.0,0.0,2.0,0.0,4.0,8.0,303.0,40.0,101.0,74.0,5.0,185.0,1.0,14.0,64.0,72.0,70.0,0.0,2.0,1.0,1.0,1.0,1.0,0.0,1.83,8.0,8.0,8.0,8.0,0.0
53,Communicator.h,0.0,0.0,0.0,81.0,224.0,291.0,0.0,0.0,0.0,0.0,0.0,0.0,0.0,0.0,0.0,0.0,555.0,3.0,0.0,0.0,0.0,54.0,497.0,16.0,0.0,0.0,0.0,0.0,0.0,0.0,0.0,0.0,0.0,0.0,0.00,0.0,0.0,0.0,0.0,0.0
54,CellListGPU.h,0.0,1.0,0.0,11.0,16.0,61.0,1.0,1.0,1.0,1.0,1.0,0.0,1.0,0.0,1.0,1.0,88.0,11.0,9.0,5.0,0.0,61.0,1.0,7.0,5.0,5.0,5.0,0.0,0.0,1.0,1.0,1.0,1.0,0.0,6.78,1.0,1.0,1.0,1.0,0.0
55,NeighborListGPUBinned.h,0.0,4.0,0.0,21.0,43.0,80.0,1.0,1.0,1.0,1.0,4.0,0.0,4.0,0.0,1.0,2.0,136.0,21.0,34.0,24.0,3.0,80.0,1.0,9.0,21.0,23.0,21.0,0.0,2.0,1.0,1.0,1.0,1.0,0.0,2.35,2.0,2.0,2.0,2.0,0.0
56,TwoStepNVTGPU.h,0.0,1.0,0.0,10.0,23.0,68.0,1.0,1.0,1.0,1.0,1.0,0.0,1.0,0.0,1.0,1.0,99.0,10.0,16.0,12.0,1.0,68.0,1.0,7.0,7.0,9.0,8.0,0.0,1.0,1.0,1.0,1.0,1.0,0.0,4.25,1.0,1.0,1.0,1.0,0.0
57,ComputeThermoGPU.h,0.0,0.0,0.0,8.0,21.0,64.0,0.0,0.0,0.0,0.0,0.0,0.0,0.0,0.0,1.0,0.0,89.0,8.0,14.0,10.0,1.0,64.0,1.0,7.0,8.0,8.0,8.0,0.0,0.0,0.0,0.0,0.0,0.0,0.0,4.57,0.0,0.0,0.0,0.0,0.0
58,CommunicatorGPU.h,0.0,0.0,0.0,36.0,75.0,133.0,0.0,0.0,0.0,0.0,0.0,0.0,0.0,0.0,0.0,0.0,199.0,4.0,0.0,0.0,0.0,55.0,137.0,12.0,0.0,0.0,0.0,0.0,0.0,0.0,0.0,0.0,0.0,0.0,0.00,0.0,0.0,0.0,0.0,0.0
59,TwoStepBDNVT.cc,4.0,22.0,3.0,43.0,165.0,92.0,3.0,3.0,3.0,1.0,28.0,4.0,20.0,3.0,0.0,7.0,300.0,43.0,143.0,45.0,86.0,92.0,9.0,17.0,76.0,100.0,39.0,0.0,61.0,11.0,11.0,11.0,1.0,3.0,0.64,23.0,23.0,24.0,7.0,0.0
60,TwoStepBDNVT.h,0.0,4.0,0.0,16.0,42.0,83.0,1.0,1.0,1.0,1.0,4.0,0.0,4.0,0.0,1.0,2.0,132.0,16.0,33.0,23.0,3.0,83.0,1.0,9.0,18.0,20.0,18.0,0.0,2.0,1.0,1.0,1.0,1.0,0.0,2.52,2.0,2.0,2.0,2.0,0.0
61,HOOMDMPI.h,0.0,0.0,0.0,54.0,202.0,88.0,0.0,0.0,0.0,0.0,0.0,0.0,0.0,0.0,0.0,0.0,342.0,4.0,0.0,0.0,0.0,60.0,275.0,18.0,0.0,0.0,0.0,0.0,0.0,0.0,0.0,0.0,0.0,0.0,0.00,0.0,0.0,0.0,0.0,0.0
62,System.cc,2.0,15.0,3.0,115.0,466.0,240.0,3.0,3.0,3.0,1.0,19.0,2.0,13.0,2.0,0.0,30.0,820.0,112.0,384.0,78.0,215.0,227.0,68.0,34.0,189.0,274.0,74.0,1.0,199.0,23.0,23.0,27.0,9.0,4.0,0.59,84.0,84.0,88.0,42.0,0.0
63,SignalHandler.h,0.0,0.0,0.0,8.0,9.0,58.0,0.0,0.0,0.0,0.0,0.0,0.0,0.0,0.0,0.0,0.0,75.0,8.0,2.0,1.0,0.0,58.0,1.0,7.0,2.0,1.0,1.0,0.0,0.0,0.0,0.0,0.0,0.0,0.0,29.00,0.0,0.0,0.0,0.0,0.0
66,ForceConstraint.cc,0.0,4.0,0.0,11.0,24.0,58.0,1.0,1.0,1.0,1.0,4.0,0.0,4.0,0.0,0.0,3.0,93.0,11.0,15.0,5.0,3.0,58.0,3.0,9.0,3.0,8.0,5.0,0.0,3.0,1.0,1.0,1.0,1.0,0.0,3.87,3.0,3.0,3.0,3.0,0.0
67,ForceConstraint.h,0.0,4.0,0.0,12.0,20.0,63.0,1.0,1.0,1.0,1.0,4.0,0.0,4.0,0.0,1.0,1.0,95.0,12.0,12.0,5.0,1.0,63.0,1.0,8.0,5.0,8.0,6.0,0.0,2.0,1.0,1.0,1.0,1.0,0.0,5.25,1.0,1.0,1.0,1.0,0.0
68,EvaluatorPairMorse.h,0.0,4.0,0.0,17.0,56.0,107.0,1.0,1.0,1.0,1.0,5.0,0.0,4.0,0.0,1.0,7.0,174.0,17.0,42.0,20.0,15.0,107.0,1.0,14.0,19.0,28.0,18.0,0.0,10.0,3.0,3.0,3.0,1.0,2.0,2.55,9.0,9.0,9.0,7.0,0.0
69,BondTablePotential.h,0.0,0.0,0.0,15.0,35.0,93.0,0.0,0.0,0.0,0.0,0.0,0.0,0.0,0.0,1.0,0.0,137.0,15.0,24.0,20.0,1.0,93.0,1.0,11.0,14.0,16.0,15.0,0.0,1.0,0.0,0.0,0.0,0.0,0.0,3.88,0.0,0.0,0.0,0.0,0.0
70,EvaluatorPairLJ.h,0.0,4.0,0.0,17.0,55.0,158.0,1.0,1.0,1.0,1.0,5.0,0.0,4.0,0.0,1.0,7.0,225.0,17.0,41.0,19.0,15.0,158.0,1.0,14.0,18.0,27.0,17.0,0.0,10.0,3.0,3.0,4.0,1.0,2.0,3.85,9.0,9.0,10.0,7.0,0.0
71,nvt_rigid_updater_test.cc,20.0,66.0,5.0,62.0,183.0,77.0,6.0,6.0,6.0,1.0,91.0,20.0,65.0,5.0,0.0,2.0,322.0,60.0,134.0,56.0,96.0,75.0,22.0,36.0,109.0,123.0,57.0,0.0,66.0,11.0,11.0,11.0,1.0,4.0,0.56,12.0,12.0,12.0,2.0,0.0
72,TwoStepNVTRigid.h,0.0,0.0,0.0,15.0,26.0,73.0,0.0,0.0,0.0,0.0,0.0,0.0,0.0,0.0,1.0,0.0,114.0,15.0,17.0,13.0,2.0,73.0,1.0,9.0,8.0,8.0,8.0,0.0,0.0,0.0,0.0,0.0,0.0,0.0,4.29,0.0,0.0,0.0,0.0,0.0
73,TwoStepNVTRigidGPU.h,0.0,1.0,0.0,13.0,26.0,67.0,1.0,1.0,1.0,1.0,1.0,0.0,1.0,0.0,1.0,1.0,101.0,13.0,19.0,15.0,2.0,67.0,1.0,7.0,10.0,12.0,11.0,0.0,1.0,1.0,1.0,1.0,1.0,0.0,3.53,1.0,1.0,1.0,1.0,0.0
75,Initializers.h,0.0,1.0,0.0,20.0,47.0,92.0,1.0,1.0,1.0,1.0,1.0,0.0,1.0,0.0,3.0,2.0,148.0,20.0,40.0,28.0,0.0,92.0,1.0,7.0,26.0,30.0,29.0,0.0,1.0,1.0,1.0,1.0,1.0,0.0,2.30,2.0,2.0,2.0,2.0,0.0
77,saruprng.h,0.0,6.0,1.0,80.0,245.0,128.0,1.0,1.0,1.0,1.0,6.0,0.0,6.0,1.0,1.0,30.0,438.0,80.0,232.0,106.0,103.0,128.0,4.0,13.0,131.0,165.0,87.0,0.0,78.0,6.0,6.0,6.0,1.0,3.0,0.55,37.0,37.0,37.0,30.0,0.0
79,BondData.h,0.0,4.0,0.0,67.0,193.0,199.0,1.0,1.0,1.0,1.0,4.0,0.0,4.0,0.0,1.0,18.0,424.0,63.0,134.0,68.0,25.0,162.0,56.0,43.0,73.0,93.0,69.0,0.0,24.0,2.0,2.0,2.0,1.0,1.0,1.21,19.0,19.0,19.0,18.0,0.0
80,SnapshotSystemData.h,1.0,12.0,1.0,12.0,47.0,90.0,1.0,1.0,1.0,1.0,14.0,1.0,12.0,1.0,0.0,1.0,131.0,12.0,33.0,21.0,9.0,90.0,1.0,14.0,29.0,30.0,21.0,0.0,9.0,1.0,1.0,1.0,1.0,0.0,2.73,1.0,1.0,1.0,1.0,0.0
82,PPPMForceComputeGPU.h,0.0,4.0,0.0,14.0,31.0,77.0,1.0,1.0,1.0,1.0,4.0,0.0,4.0,0.0,1.0,1.0,119.0,14.0,19.0,12.0,1.0,77.0,1.0,12.0,10.0,12.0,11.0,0.0,1.0,1.0,1.0,1.0,1.0,0.0,4.05,1.0,1.0,1.0,1.0,0.0
84,PPPMForceCompute.h,0.0,4.0,0.0,27.0,98.0,122.0,1.0,1.0,1.0,1.0,4.0,0.0,4.0,0.0,1.0,1.0,207.0,27.0,68.0,61.0,1.0,122.0,4.0,30.0,59.0,61.0,60.0,0.0,1.0,1.0,1.0,1.0,1.0,0.0,1.79,1.0,1.0,1.0,1.0,0.0
86,TwoStepNPTRigid.cc,14.0,54.0,6.0,114.0,387.0,116.0,5.0,5.0,5.0,1.0,73.0,14.0,54.0,6.0,0.0,7.0,614.0,114.0,376.0,84.0,278.0,116.0,3.0,11.0,287.0,320.0,75.0,0.0,245.0,11.0,11.0,11.0,1.0,2.0,0.31,34.0,34.0,34.0,7.0,0.0
87,TwoStepNPTRigid.h,0.0,0.0,0.0,12.0,29.0,67.0,0.0,0.0,0.0,0.0,0.0,0.0,0.0,0.0,1.0,0.0,107.0,12.0,20.0,16.0,1.0,67.0,1.0,9.0,8.0,8.0,8.0,0.0,0.0,0.0,0.0,0.0,0.0,0.0,3.35,0.0,0.0,0.0,0.0,0.0
88,RigidData.h,0.0,6.0,0.0,46.0,351.0,197.0,1.0,1.0,2.0,1.0,6.0,0.0,6.0,0.0,1.0,48.0,558.0,44.0,334.0,141.0,110.0,194.0,10.0,14.0,184.0,236.0,141.0,0.0,95.0,5.0,5.0,5.0,5.0,1.0,0.58,52.0,52.0,72.0,52.0,0.0
89,RigidBodyGroup.h,0.0,5.0,0.0,16.0,40.0,118.0,1.0,1.0,1.0,1.0,5.0,0.0,5.0,0.0,1.0,4.0,168.0,16.0,30.0,13.0,5.0,118.0,1.0,10.0,14.0,18.0,13.0,0.0,5.0,1.0,1.0,1.0,1.0,0.0,3.93,4.0,4.0,4.0,4.0,0.0
91,ConstForceCompute.cc,1.0,9.0,1.0,30.0,96.0,89.0,2.0,2.0,2.0,1.0,12.0,1.0,9.0,1.0,0.0,9.0,215.0,30.0,87.0,20.0,47.0,89.0,3.0,9.0,49.0,65.0,18.0,0.0,47.0,3.0,3.0,3.0,1.0,1.0,1.02,14.0,14.0,14.0,9.0,0.0
92,ConstForceCompute.h,0.0,0.0,0.0,19.0,28.0,68.0,0.0,0.0,0.0,0.0,0.0,0.0,0.0,0.0,1.0,0.0,112.0,19.0,19.0,14.0,0.0,68.0,1.0,9.0,14.0,14.0,14.0,0.0,0.0,0.0,0.0,0.0,0.0,0.0,3.58,0.0,0.0,0.0,0.0,0.0
93,EvaluatorBondHarmonic.h,0.0,3.0,0.0,19.0,46.0,93.0,1.0,1.0,1.0,1.0,4.0,0.0,3.0,0.0,1.0,7.0,154.0,19.0,32.0,15.0,9.0,93.0,1.0,14.0,13.0,22.0,14.0,0.0,8.0,4.0,4.0,4.0,1.0,1.0,2.91,10.0,10.0,10.0,7.0,0.0
94,WallData.h,0.0,4.0,0.0,17.0,51.0,94.0,1.0,1.0,1.0,1.0,5.0,0.0,4.0,0.0,1.0,6.0,156.0,17.0,42.0,19.0,10.0,94.0,1.0,9.0,19.0,25.0,17.0,0.0,8.0,1.0,1.0,1.0,1.0,0.0,2.24,6.0,6.0,6.0,6.0,0.0
95,Profiler.cc,2.0,15.0,3.0,39.0,159.0,101.0,3.0,3.0,3.0,1.0,20.0,2.0,15.0,3.0,0.0,10.0,299.0,39.0,148.0,38.0,81.0,101.0,3.0,11.0,79.0,110.0,33.0,0.0,77.0,9.0,9.0,9.0,1.0,2.0,0.68,29.0,29.0,29.0,10.0,0.0
98,Profiler.h,2.0,9.0,2.0,42.0,109.0,123.0,1.0,1.0,1.0,1.0,13.0,2.0,6.0,2.0,2.0,5.0,264.0,42.0,69.0,43.0,18.0,121.0,15.0,30.0,42.0,46.0,35.0,0.0,11.0,1.0,1.0,1.0,1.0,0.0,1.75,5.0,5.0,5.0,5.0,0.0
99,RigidData.cc,7.0,37.0,5.0,201.0,856.0,241.0,5.0,5.0,5.0,1.0,49.0,7.0,37.0,5.0,0.0,20.0,1293.0,179.0,733.0,234.0,473.0,229.0,133.0,27.0,541.0,635.0,221.0,0.0,414.0,36.0,36.0,36.0,8.0,6.0,0.31,93.0,93.0,99.0,29.0,0.0
101,Analyzer.cc,0.0,5.0,0.0,11.0,37.0,73.0,1.0,1.0,1.0,1.0,5.0,0.0,5.0,0.0,1.0,5.0,121.0,11.0,28.0,8.0,9.0,73.0,3.0,9.0,7.0,11.0,6.0,0.0,5.0,1.0,1.0,1.0,1.0,0.0,2.61,5.0,5.0,5.0,5.0,0.0
102,ParticleGroup.h,0.0,3.0,0.0,46.0,136.0,206.0,1.0,1.0,1.0,1.0,4.0,0.0,3.0,0.0,6.0,13.0,367.0,46.0,120.0,68.0,15.0,204.0,4.0,14.0,67.0,83.0,65.0,0.0,18.0,2.0,2.0,2.0,1.0,1.0,1.70,17.0,17.0,17.0,13.0,0.0
103,test_enforce2d_updater.cc,7.0,37.0,3.0,40.0,152.0,68.0,5.0,5.0,5.0,1.0,46.0,7.0,37.0,3.0,0.0,3.0,260.0,40.0,113.0,36.0,75.0,66.0,15.0,30.0,96.0,114.0,39.0,0.0,75.0,13.0,13.0,13.0,1.0,3.0,0.58,15.0,15.0,15.0,3.0,0.0
104,Enforce2DUpdater.h,0.0,0.0,0.0,11.0,17.0,62.0,0.0,0.0,0.0,0.0,0.0,0.0,0.0,0.0,1.0,0.0,90.0,11.0,8.0,5.0,0.0,62.0,1.0,9.0,5.0,5.0,5.0,0.0,0.0,0.0,0.0,0.0,0.0,0.0,7.75,0.0,0.0,0.0,0.0,0.0
105,HOOMDInitializer.h,0.0,2.0,0.0,26.0,104.0,146.0,1.0,1.0,1.0,1.0,2.0,0.0,2.0,0.0,1.0,6.0,244.0,26.0,87.0,75.0,2.0,146.0,1.0,17.0,66.0,72.0,70.0,0.0,2.0,1.0,1.0,1.0,1.0,0.0,1.68,6.0,6.0,6.0,6.0,0.0
106,Enforce2DUpdaterGPU.h,0.0,0.0,0.0,11.0,15.0,63.0,0.0,0.0,0.0,0.0,0.0,0.0,0.0,0.0,1.0,0.0,89.0,11.0,7.0,4.0,0.0,63.0,1.0,8.0,4.0,4.0,4.0,0.0,0.0,0.0,0.0,0.0,0.0,0.0,9.00,0.0,0.0,0.0,0.0,0.0
107,HOOMDDumpWriter.h,0.0,5.0,0.0,13.0,59.0,117.0,1.0,1.0,1.0,1.0,5.0,0.0,5.0,0.0,1.0,1.0,170.0,13.0,50.0,42.0,2.0,117.0,1.0,9.0,43.0,46.0,43.0,0.0,3.0,1.0,1.0,1.0,1.0,0.0,2.34,1.0,1.0,1.0,1.0,0.0
108,AllBondPotentials.h,0.0,0.0,0.0,9.0,19.0,58.0,0.0,0.0,0.0,0.0,0.0,0.0,0.0,0.0,0.0,0.0,85.0,9.0,2.0,2.0,0.0,56.0,7.0,15.0,2.0,2.0,2.0,0.0,0.0,0.0,0.0,0.0,0.0,0.0,28.00,0.0,0.0,0.0,0.0,0.0
110,EvaluatorBondFENE.h,1.0,6.0,1.0,26.0,68.0,104.0,1.0,1.0,1.0,1.0,8.0,1.0,6.0,1.0,1.0,7.0,189.0,26.0,54.0,26.0,25.0,104.0,1.0,14.0,31.0,40.0,24.0,0.0,16.0,3.0,3.0,3.0,1.0,1.0,1.93,9.0,9.0,9.0,7.0,0.0
113,TwoStepNPHRigidGPU.cc,16.0,76.0,6.0,74.0,317.0,95.0,6.0,6.0,6.0,1.0,98.0,16.0,76.0,6.0,0.0,4.0,485.0,74.0,306.0,105.0,193.0,95.0,3.0,11.0,230.0,253.0,98.0,5.0,150.0,10.0,10.0,10.0,4.0,2.0,0.31,23.0,23.0,23.0,7.0,0.0
114,TwoStepNPHRigidGPU.h,0.0,1.0,0.0,14.0,37.0,77.0,1.0,1.0,1.0,1.0,1.0,0.0,1.0,0.0,1.0,1.0,113.0,14.0,30.0,26.0,1.0,77.0,1.0,7.0,20.0,22.0,21.0,0.0,1.0,1.0,1.0,1.0,1.0,0.0,2.57,1.0,1.0,1.0,1.0,0.0
116,TwoStepNVE.h,0.0,4.0,0.0,14.0,28.0,72.0,1.0,1.0,1.0,1.0,4.0,0.0,4.0,0.0,1.0,1.0,110.0,14.0,21.0,14.0,2.0,72.0,1.0,7.0,12.0,13.0,12.0,0.0,1.0,1.0,1.0,1.0,1.0,0.0,3.43,1.0,1.0,1.0,1.0,0.0
117,Variant.h,0.0,3.0,0.0,11.0,48.0,86.0,1.0,1.0,1.0,1.0,3.0,0.0,3.0,0.0,3.0,6.0,140.0,11.0,41.0,19.0,3.0,86.0,1.0,7.0,14.0,20.0,17.0,0.0,3.0,1.0,1.0,1.0,1.0,0.0,2.10,6.0,6.0,6.0,6.0,0.0
118,EvaluatorPairLJ2.h,0.0,4.0,0.0,17.0,56.0,162.0,1.0,1.0,1.0,1.0,5.0,0.0,4.0,0.0,1.0,7.0,230.0,17.0,41.0,19.0,15.0,162.0,1.0,15.0,18.0,27.0,17.0,0.0,10.0,3.0,3.0,4.0,1.0,2.0,3.95,9.0,9.0,10.0,7.0,0.0
121,HarmonicAngleForceCompute.cc,5.0,23.0,3.0,50.0,174.0,96.0,3.0,3.0,3.0,1.0,31.0,5.0,23.0,3.0,0.0,7.0,319.0,50.0,160.0,43.0,116.0,96.0,3.0,14.0,123.0,144.0,42.0,0.0,102.0,10.0,10.0,10.0,1.0,2.0,0.60,21.0,21.0,21.0,7.0,0.0
122,HarmonicAngleForceCompute.h,0.0,0.0,0.0,17.0,25.0,69.0,0.0,0.0,0.0,0.0,0.0,0.0,0.0,0.0,1.0,0.0,108.0,17.0,15.0,11.0,0.0,69.0,1.0,10.0,11.0,13.0,12.0,0.0,1.0,0.0,0.0,0.0,0.0,0.0,4.60,0.0,0.0,0.0,0.0,0.0
123,cudacpu_vector_functions.h,0.0,4.0,0.0,53.0,197.0,60.0,1.0,1.0,1.0,1.0,4.0,0.0,4.0,0.0,0.0,48.0,309.0,53.0,192.0,96.0,48.0,60.0,0.0,5.0,216.0,263.0,95.0,0.0,168.0,1.0,1.0,1.0,1.0,0.0,0.31,48.0,48.0,48.0,48.0,0.0
124,cudacpu_vector_types.h,0.0,1.0,0.0,75.0,283.0,81.0,1.0,1.0,1.0,1.0,1.0,0.0,1.0,0.0,0.0,3.0,429.0,66.0,233.0,144.0,2.0,81.0,31.0,44.0,161.0,163.0,159.0,0.0,4.0,1.0,1.0,1.0,1.0,0.0,0.35,3.0,3.0,3.0,3.0,0.0
125,test_gaussian_force.cc,6.0,36.0,5.0,74.0,341.0,107.0,2.0,2.0,2.0,1.0,46.0,6.0,36.0,5.0,0.0,8.0,522.0,70.0,289.0,76.0,218.0,101.0,42.0,23.0,232.0,246.0,74.0,0.0,172.0,5.0,5.0,5.0,1.0,2.0,0.35,12.0,12.0,12.0,8.0,0.0
127,LJWallForceCompute.h,0.0,4.0,0.0,15.0,27.0,69.0,1.0,1.0,1.0,1.0,4.0,0.0,4.0,0.0,1.0,1.0,108.0,15.0,19.0,12.0,1.0,69.0,1.0,8.0,12.0,15.0,13.0,0.0,2.0,1.0,1.0,1.0,1.0,0.0,3.63,1.0,1.0,1.0,1.0,0.0
128,EvaluatorPairYukawa.h,0.0,5.0,0.0,18.0,57.0,108.0,1.0,1.0,1.0,1.0,5.0,0.0,5.0,0.0,1.0,7.0,178.0,18.0,43.0,21.0,17.0,108.0,1.0,14.0,20.0,29.0,19.0,0.0,10.0,3.0,3.0,4.0,1.0,2.0,2.51,9.0,9.0,10.0,7.0,0.0
129,TwoStepNVERigid.h,0.0,5.0,0.0,38.0,113.0,138.0,1.0,1.0,1.0,1.0,5.0,0.0,5.0,0.0,1.0,7.0,244.0,38.0,101.0,72.0,11.0,138.0,1.0,12.0,73.0,80.0,70.0,0.0,10.0,1.0,1.0,1.0,1.0,0.0,1.37,7.0,7.0,7.0,7.0,0.0
130,IntegrationMethodTwoStep.h,0.0,3.0,0.0,28.0,76.0,184.0,1.0,1.0,1.0,1.0,3.0,0.0,3.0,0.0,1.0,11.0,276.0,28.0,53.0,30.0,8.0,179.0,12.0,16.0,27.0,37.0,29.0,0.0,8.0,1.0,1.0,1.0,1.0,0.0,3.38,11.0,11.0,11.0,11.0,0.0
131,RigidBodyGroup.cc,11.0,56.0,6.0,16.0,59.0,62.0,9.0,9.0,9.0,1.0,73.0,11.0,56.0,6.0,0.0,1.0,137.0,16.0,57.0,18.0,26.0,62.0,0.0,2.0,28.0,38.0,14.0,0.0,24.0,9.0,9.0,9.0,1.0,3.0,1.09,9.0,9.0,9.0,1.0,0.0
132,NeighborListGPU.h,0.0,6.0,0.0,18.0,45.0,75.0,1.0,1.0,1.0,1.0,6.0,0.0,6.0,0.0,1.0,4.0,135.0,18.0,37.0,17.0,8.0,75.0,1.0,8.0,19.0,23.0,15.0,0.0,8.0,1.0,1.0,1.0,1.0,0.0,2.03,4.0,4.0,4.0,4.0,0.0
133,CellList.h,0.0,5.0,0.0,56.0,179.0,203.0,1.0,1.0,1.0,1.0,5.0,0.0,5.0,0.0,1.0,26.0,410.0,56.0,167.0,70.0,41.0,203.0,1.0,12.0,83.0,110.0,70.0,0.0,40.0,2.0,2.0,2.0,1.0,1.0,1.22,27.0,27.0,27.0,26.0,0.0
134,EvaluatorPairForceShiftedLJ.h,1.0,5.0,0.0,20.0,57.0,109.0,1.0,1.0,1.0,1.0,6.0,1.0,5.0,0.0,1.0,7.0,181.0,20.0,43.0,21.0,19.0,109.0,1.0,14.0,22.0,31.0,19.0,0.0,12.0,3.0,3.0,4.0,1.0,2.0,2.53,9.0,9.0,10.0,7.0,0.0
135,TwoStepNPTMTKGPU.cc,13.0,49.0,11.0,79.0,262.0,123.0,9.0,9.0,11.0,1.0,69.0,13.0,43.0,10.0,0.0,5.0,445.0,78.0,215.0,69.0,147.0,121.0,35.0,20.0,110.0,128.0,58.0,0.0,70.0,20.0,20.0,25.0,1.0,1.0,0.56,43.0,43.0,53.0,5.0,0.0
136,TwoStepNPTMTKGPU.h,0.0,0.0,0.0,12.0,32.0,67.0,0.0,0.0,0.0,0.0,0.0,0.0,0.0,0.0,1.0,0.0,106.0,12.0,23.0,19.0,1.0,67.0,1.0,9.0,10.0,12.0,11.0,0.0,1.0,0.0,0.0,0.0,0.0,0.0,2.91,0.0,0.0,0.0,0.0,0.0
138,PathUtils.h,0.0,0.0,0.0,9.0,20.0,54.0,0.0,0.0,0.0,0.0,0.0,0.0,0.0,0.0,0.0,0.0,83.0,9.0,1.0,1.0,0.0,54.0,2.0,19.0,1.0,1.0,1.0,0.0,0.0,0.0,0.0,0.0,0.0,0.0,54.00,0.0,0.0,0.0,0.0,0.0
144,HarmonicImproperForceCompute.cc,6.0,27.0,4.0,57.0,206.0,97.0,3.0,3.0,3.0,1.0,36.0,6.0,27.0,4.0,0.0,7.0,358.0,57.0,192.0,69.0,149.0,97.0,3.0,14.0,156.0,180.0,68.0,0.0,112.0,13.0,13.0,13.0,1.0,2.0,0.51,24.0,24.0,24.0,7.0,0.0
145,HarmonicImproperForceCompute.h,0.0,0.0,0.0,17.0,25.0,69.0,0.0,0.0,0.0,0.0,0.0,0.0,0.0,0.0,1.0,0.0,108.0,17.0,15.0,11.0,0.0,69.0,1.0,10.0,11.0,13.0,12.0,0.0,1.0,0.0,0.0,0.0,0.0,0.0,4.60,0.0,0.0,0.0,0.0,0.0
146,test_yukawa_force.cc,6.0,34.0,5.0,43.0,184.0,82.0,2.0,2.0,2.0,1.0,45.0,6.0,34.0,5.0,0.0,4.0,309.0,41.0,141.0,46.0,96.0,78.0,30.0,22.0,114.0,124.0,44.0,0.0,80.0,5.0,5.0,5.0,1.0,2.0,0.55,8.0,8.0,8.0,4.0,0.0
147,Compute.cc,0.0,7.0,1.0,25.0,94.0,118.0,1.0,1.0,1.0,1.0,8.0,0.0,7.0,1.0,1.0,11.0,237.0,25.0,83.0,16.0,36.0,118.0,3.0,11.0,27.0,45.0,14.0,0.0,31.0,4.0,4.0,4.0,4.0,1.0,1.42,16.0,16.0,16.0,14.0,0.0
148,Compute.h,0.0,3.0,0.0,24.0,63.0,142.0,1.0,1.0,1.0,1.0,3.0,0.0,3.0,0.0,1.0,5.0,217.0,24.0,40.0,25.0,3.0,138.0,9.0,18.0,23.0,29.0,26.0,0.0,3.0,1.0,1.0,1.0,1.0,0.0,3.45,5.0,5.0,5.0,5.0,0.0
149,TwoStepBerendsen.cc,4.0,17.0,3.0,31.0,92.0,80.0,3.0,3.0,3.0,1.0,24.0,4.0,17.0,3.0,0.0,5.0,203.0,31.0,87.0,31.0,53.0,80.0,1.0,5.0,49.0,64.0,26.0,0.0,38.0,6.0,6.0,6.0,1.0,1.0,0.92,14.0,14.0,14.0,5.0,0.0
150,TwoStepBerendsen.h,0.0,4.0,0.0,13.0,34.0,68.0,1.0,1.0,1.0,1.0,4.0,0.0,4.0,0.0,1.0,2.0,111.0,13.0,25.0,15.0,2.0,68.0,1.0,9.0,11.0,13.0,11.0,0.0,2.0,1.0,1.0,1.0,1.0,0.0,2.72,2.0,2.0,2.0,2.0,0.0
152,ClockSource.h,1.0,7.0,0.0,22.0,63.0,99.0,1.0,1.0,1.0,0.0,8.0,1.0,7.0,0.0,1.0,1.0,178.0,16.0,23.0,9.0,4.0,75.0,52.0,16.0,13.0,15.0,10.0,0.0,5.0,1.0,1.0,1.0,1.0,0.0,3.26,1.0,1.0,1.0,1.0,0.0
155,SnapshotSystemData.cc,1.0,23.0,0.0,6.0,26.0,53.0,1.0,1.0,1.0,1.0,24.0,1.0,23.0,0.0,0.0,1.0,85.0,6.0,24.0,1.0,20.0,53.0,0.0,2.0,3.0,5.0,2.0,0.0,3.0,1.0,1.0,1.0,1.0,0.0,2.21,1.0,1.0,1.0,1.0,0.0
156,mgpuutil.cc,0.0,8.0,0.0,18.0,115.0,38.0,2.0,2.0,2.0,1.0,8.0,0.0,8.0,0.0,1.0,12.0,170.0,18.0,105.0,22.0,70.0,38.0,1.0,10.0,65.0,85.0,21.0,0.0,64.0,7.0,7.0,7.0,1.0,2.0,0.36,19.0,19.0,19.0,12.0,0.0
157,format.h,0.0,4.0,0.0,26.0,86.0,37.0,1.0,1.0,1.0,1.0,4.0,0.0,4.0,0.0,0.0,14.0,148.0,26.0,80.0,44.0,25.0,37.0,0.0,6.0,37.0,54.0,31.0,0.0,23.0,3.0,3.0,3.0,1.0,2.0,0.46,18.0,18.0,18.0,14.0,0.0
162,test_cgcmm_angle_force.cc,12.0,62.0,10.0,69.0,287.0,99.0,2.0,2.0,2.0,1.0,82.0,12.0,62.0,10.0,0.0,4.0,450.0,66.0,250.0,48.0,194.0,96.0,25.0,21.0,204.0,212.0,50.0,0.0,162.0,3.0,3.0,3.0,1.0,1.0,0.38,6.0,6.0,6.0,4.0,0.0
163,CGCMMAngleForceCompute.h,0.0,0.0,0.0,19.0,32.0,77.0,0.0,0.0,0.0,0.0,0.0,0.0,0.0,0.0,1.0,0.0,118.0,19.0,22.0,18.0,0.0,77.0,1.0,10.0,18.0,20.0,19.0,0.0,1.0,0.0,0.0,0.0,0.0,0.0,3.50,0.0,0.0,0.0,0.0,0.0
164,CGCMMAngleForceComputeGPU.h,0.0,4.0,0.0,16.0,35.0,78.0,1.0,1.0,1.0,1.0,4.0,0.0,4.0,0.0,1.0,1.0,125.0,16.0,18.0,11.0,1.0,78.0,4.0,17.0,11.0,12.0,11.0,0.0,1.0,1.0,1.0,1.0,1.0,0.0,4.33,1.0,1.0,1.0,1.0,0.0
166,static.h,0.0,0.0,0.0,27.0,116.0,42.0,0.0,0.0,0.0,0.0,0.0,0.0,0.0,0.0,0.0,0.0,183.0,27.0,89.0,70.0,0.0,42.0,0.0,27.0,56.0,57.0,57.0,0.0,0.0,0.0,0.0,0.0,0.0,0.0,0.47,0.0,0.0,0.0,0.0,0.0
175,TwoStepBDNVTRigidGPU.h,0.0,1.0,0.0,10.0,20.0,63.0,1.0,1.0,1.0,1.0,1.0,0.0,1.0,0.0,1.0,1.0,92.0,10.0,13.0,10.0,0.0,63.0,1.0,7.0,6.0,8.0,7.0,0.0,1.0,1.0,1.0,1.0,1.0,0.0,4.85,1.0,1.0,1.0,1.0,0.0
176,TwoStepBDNVTRigid.h,0.0,0.0,0.0,14.0,27.0,69.0,0.0,0.0,0.0,0.0,0.0,0.0,0.0,0.0,1.0,0.0,106.0,14.0,18.0,14.0,0.0,69.0,1.0,9.0,10.0,10.0,10.0,0.0,0.0,0.0,0.0,0.0,0.0,0.0,3.83,0.0,0.0,0.0,0.0,0.0
177,BondTablePotential.cc,7.0,24.0,5.0,60.0,171.0,110.0,3.0,3.0,3.0,1.0,35.0,7.0,24.0,5.0,0.0,7.0,335.0,60.0,168.0,60.0,105.0,110.0,0.0,3.0,111.0,131.0,53.0,0.0,78.0,8.0,8.0,9.0,1.0,3.0,0.65,20.0,20.0,24.0,7.0,0.0
178,DihedralData.h,0.0,4.0,0.0,51.0,139.0,153.0,1.0,1.0,1.0,1.0,4.0,0.0,4.0,0.0,1.0,15.0,321.0,51.0,111.0,58.0,20.0,152.0,7.0,27.0,61.0,77.0,58.0,0.0,19.0,2.0,2.0,2.0,1.0,1.0,1.37,16.0,16.0,16.0,15.0,0.0
183,ZeroMomentumUpdater.cc,3.0,23.0,2.0,24.0,106.0,67.0,4.0,4.0,4.0,1.0,28.0,3.0,21.0,2.0,0.0,4.0,196.0,24.0,85.0,30.0,46.0,67.0,10.0,14.0,52.0,68.0,30.0,0.0,38.0,11.0,11.0,11.0,1.0,2.0,0.79,14.0,14.0,14.0,4.0,0.0
184,ZeroMomentumUpdater.h,0.0,0.0,0.0,10.0,17.0,62.0,0.0,0.0,0.0,0.0,0.0,0.0,0.0,0.0,1.0,0.0,89.0,10.0,8.0,5.0,0.0,62.0,1.0,9.0,5.0,5.0,5.0,0.0,0.0,0.0,0.0,0.0,0.0,0.0,7.75,0.0,0.0,0.0,0.0,0.0
185,TwoStepNPTMTK.h,0.0,5.0,0.0,27.0,92.0,117.0,1.0,1.0,1.0,1.0,5.0,0.0,5.0,0.0,1.0,6.0,219.0,27.0,83.0,59.0,9.0,117.0,1.0,9.0,37.0,43.0,35.0,0.0,8.0,1.0,1.0,1.0,1.0,0.0,1.41,6.0,6.0,6.0,6.0,0.0
186,TablePotential.cc,7.0,33.0,7.0,63.0,248.0,127.0,3.0,3.0,4.0,1.0,47.0,7.0,30.0,7.0,0.0,7.0,437.0,63.0,213.0,81.0,141.0,126.0,17.0,23.0,150.0,171.0,72.0,0.0,99.0,10.0,10.0,12.0,1.0,4.0,0.59,21.0,21.0,26.0,7.0,0.0
188,TablePotential.h,0.0,0.0,0.0,15.0,37.0,100.0,0.0,0.0,0.0,0.0,0.0,0.0,0.0,0.0,1.0,0.0,146.0,15.0,26.0,22.0,1.0,100.0,1.0,11.0,14.0,16.0,15.0,0.0,1.0,0.0,0.0,0.0,0.0,0.0,3.85,0.0,0.0,0.0,0.0,0.0
190,TwoStepNVTRigidGPU.cc,10.0,56.0,4.0,49.0,235.0,82.0,5.0,5.0,5.0,1.0,69.0,10.0,56.0,4.0,0.0,4.0,366.0,49.0,224.0,83.0,136.0,82.0,3.0,11.0,163.0,181.0,77.0,3.0,101.0,8.0,8.0,8.0,4.0,2.0,0.37,18.0,18.0,18.0,7.0,0.0
192,CGCMMAngleForceCompute.cc,7.0,34.0,4.0,62.0,252.0,105.0,4.0,4.0,4.0,1.0,44.0,7.0,34.0,4.0,0.0,7.0,418.0,62.0,238.0,60.0,188.0,105.0,3.0,14.0,197.0,224.0,59.0,0.0,165.0,13.0,13.0,13.0,1.0,2.0,0.44,27.0,27.0,27.0,7.0,0.0
193,SystemDefinition.h,0.0,4.0,0.0,19.0,96.0,118.0,1.0,1.0,1.0,1.0,4.0,0.0,4.0,0.0,1.0,10.0,224.0,19.0,79.0,45.0,19.0,117.0,3.0,16.0,28.0,38.0,28.0,0.0,10.0,1.0,1.0,1.0,1.0,0.0,1.48,10.0,10.0,10.0,10.0,0.0
194,Updater.cc,0.0,5.0,0.0,10.0,37.0,73.0,1.0,1.0,1.0,1.0,5.0,0.0,5.0,0.0,1.0,5.0,120.0,10.0,28.0,8.0,9.0,73.0,3.0,9.0,8.0,14.0,7.0,0.0,7.0,1.0,1.0,1.0,1.0,0.0,2.61,5.0,5.0,5.0,5.0,0.0
195,Updater.h,0.0,3.0,0.0,21.0,52.0,128.0,1.0,1.0,1.0,1.0,3.0,0.0,3.0,0.0,1.0,6.0,195.0,21.0,33.0,16.0,4.0,124.0,9.0,14.0,14.0,19.0,16.0,0.0,3.0,1.0,1.0,1.0,1.0,0.0,3.76,6.0,6.0,6.0,6.0,0.0
196,test_harmonic_dihedral_force.cc,14.0,80.0,12.0,75.0,365.0,108.0,2.0,2.0,2.0,1.0,104.0,14.0,80.0,12.0,0.0,4.0,541.0,72.0,321.0,60.0,259.0,104.0,33.0,21.0,278.0,289.0,60.0,0.0,229.0,6.0,6.0,6.0,1.0,2.0,0.32,9.0,9.0,9.0,4.0,0.0
197,HarmonicDihedralForceCompute.h,0.0,0.0,0.0,17.0,26.0,70.0,0.0,0.0,0.0,0.0,0.0,0.0,0.0,0.0,1.0,0.0,109.0,17.0,16.0,12.0,0.0,70.0,1.0,10.0,12.0,14.0,13.0,0.0,1.0,0.0,0.0,0.0,0.0,0.0,4.38,0.0,0.0,0.0,0.0,0.0
198,HarmonicDihedralForceComputeGPU.h,0.0,4.0,0.0,14.0,30.0,75.0,1.0,1.0,1.0,1.0,4.0,0.0,4.0,0.0,1.0,1.0,117.0,14.0,16.0,9.0,1.0,75.0,3.0,14.0,9.0,10.0,9.0,0.0,1.0,1.0,1.0,1.0,1.0,0.0,4.69,1.0,1.0,1.0,1.0,0.0
199,PotentialTersoffGPU.h,0.0,0.0,0.0,25.0,95.0,77.0,0.0,0.0,0.0,0.0,0.0,0.0,0.0,0.0,0.0,0.0,195.0,2.0,0.0,0.0,0.0,41.0,148.0,11.0,0.0,0.0,0.0,0.0,0.0,0.0,0.0,0.0,0.0,0.0,0.00,0.0,0.0,0.0,0.0,0.0
200,PotentialTersoff.h,6.0,29.0,6.0,82.0,315.0,193.0,3.0,3.0,4.0,1.0,41.0,6.0,26.0,6.0,1.0,9.0,582.0,82.0,270.0,111.0,162.0,192.0,16.0,35.0,176.0,203.0,95.0,0.0,108.0,16.0,16.0,18.0,1.0,6.0,0.71,28.0,28.0,33.0,9.0,0.0
202,kiss_fftnd.h,0.0,0.0,0.0,5.0,13.0,0.0,0.0,0.0,0.0,0.0,0.0,0.0,0.0,0.0,0.0,0.0,18.0,5.0,5.0,5.0,0.0,0.0,0.0,8.0,3.0,4.0,4.0,0.0,0.0,0.0,0.0,0.0,0.0,0.0,0.00,0.0,0.0,0.0,0.0,0.0
203,TwoStepBDNVTRigid.cc,6.0,26.0,4.0,41.0,140.0,85.0,3.0,3.0,3.0,1.0,35.0,6.0,26.0,4.0,0.0,5.0,265.0,41.0,130.0,53.0,71.0,85.0,3.0,10.0,78.0,95.0,48.0,0.0,47.0,8.0,8.0,8.0,1.0,2.0,0.65,16.0,16.0,16.0,5.0,0.0
204,AngleData.cc,3.0,20.0,4.0,79.0,357.0,159.0,3.0,3.0,3.0,1.0,26.0,3.0,19.0,3.0,0.0,15.0,584.0,73.0,294.0,74.0,179.0,151.0,60.0,20.0,151.0,192.0,61.0,0.0,131.0,6.0,6.0,9.0,3.0,2.0,0.51,38.0,38.0,43.0,17.0,0.0
205,AngleData.h,0.0,4.0,0.0,50.0,137.0,150.0,1.0,1.0,1.0,1.0,4.0,0.0,4.0,0.0,1.0,15.0,317.0,50.0,109.0,56.0,20.0,149.0,7.0,27.0,59.0,75.0,56.0,0.0,19.0,2.0,2.0,2.0,1.0,1.0,1.37,16.0,16.0,16.0,15.0,0.0
206,HarmonicImproperForceComputeGPU.cc,2.0,11.0,1.0,20.0,65.0,75.0,2.0,2.0,2.0,1.0,14.0,2.0,11.0,1.0,0.0,5.0,160.0,20.0,58.0,17.0,28.0,75.0,2.0,7.0,24.0,36.0,18.0,1.0,17.0,4.0,4.0,4.0,1.0,1.0,1.29,9.0,9.0,9.0,5.0,0.0
207,HarmonicImproperForceComputeGPU.h,0.0,4.0,0.0,15.0,33.0,75.0,1.0,1.0,1.0,1.0,4.0,0.0,4.0,0.0,1.0,1.0,121.0,15.0,16.0,9.0,1.0,75.0,4.0,17.0,9.0,10.0,9.0,0.0,1.0,1.0,1.0,1.0,1.0,0.0,4.69,1.0,1.0,1.0,1.0,0.0
208,test_pppm_force.cc,5.0,23.0,3.0,52.0,165.0,76.0,1.0,1.0,1.0,1.0,31.0,5.0,23.0,3.0,0.0,5.0,292.0,50.0,122.0,39.0,86.0,74.0,25.0,26.0,99.0,107.0,38.0,0.0,69.0,1.0,1.0,1.0,1.0,0.0,0.61,5.0,5.0,5.0,5.0,0.0
209,HOOMDDumpWriter.cc,3.0,18.0,1.0,85.0,403.0,124.0,3.0,3.0,3.0,1.0,22.0,3.0,18.0,1.0,0.0,21.0,612.0,85.0,378.0,78.0,213.0,123.0,7.0,23.0,181.0,252.0,74.0,0.0,178.0,48.0,48.0,48.0,1.0,3.0,0.33,70.0,70.0,70.0,21.0,0.0
210,ExampleUpdater.h,0.0,0.0,0.0,17.0,20.0,81.0,0.0,0.0,0.0,0.0,0.0,0.0,0.0,0.0,1.0,0.0,116.0,13.0,7.0,4.0,0.0,75.0,17.0,6.0,4.0,6.0,5.0,0.0,1.0,0.0,0.0,0.0,0.0,0.0,10.71,0.0,0.0,0.0,0.0,0.0
212,EvaluatorConstraint.h,0.0,9.0,1.0,13.0,44.0,85.0,1.0,1.0,1.0,1.0,10.0,0.0,9.0,1.0,1.0,3.0,137.0,13.0,35.0,13.0,16.0,85.0,1.0,9.0,21.0,24.0,11.0,0.0,13.0,1.0,1.0,1.0,1.0,0.0,2.43,3.0,3.0,3.0,3.0,0.0
213,HarmonicAngleForceComputeGPU.h,0.0,4.0,0.0,15.0,33.0,75.0,1.0,1.0,1.0,1.0,4.0,0.0,4.0,0.0,1.0,1.0,121.0,15.0,16.0,9.0,1.0,75.0,4.0,17.0,9.0,10.0,9.0,0.0,1.0,1.0,1.0,1.0,1.0,0.0,4.69,1.0,1.0,1.0,1.0,0.0
215,ComputeThermo.cc,4.0,32.0,3.0,43.0,262.0,84.0,5.0,5.0,5.0,2.0,38.0,3.0,30.0,3.0,0.0,8.0,388.0,40.0,244.0,61.0,155.0,84.0,14.0,9.0,130.0,168.0,59.0,0.0,109.0,15.0,15.0,15.0,13.0,2.0,0.34,36.0,36.0,36.0,20.0,0.0
216,EAMForceCompute.h,0.0,0.0,0.0,23.0,41.0,94.0,0.0,0.0,0.0,0.0,0.0,0.0,0.0,0.0,1.0,0.0,140.0,23.0,32.0,28.0,0.0,94.0,1.0,9.0,28.0,30.0,29.0,0.0,1.0,0.0,0.0,0.0,0.0,0.0,2.94,0.0,0.0,0.0,0.0,0.0
217,SFCPackUpdaterGPU.cc,0.0,0.0,0.0,42.0,170.0,80.0,0.0,0.0,0.0,0.0,0.0,0.0,0.0,0.0,0.0,0.0,292.0,3.0,0.0,0.0,0.0,53.0,234.0,17.0,0.0,0.0,0.0,0.0,0.0,0.0,0.0,0.0,0.0,0.0,0.00,0.0,0.0,0.0,0.0,0.0
218,SFCPackUpdaterGPU.h,0.0,0.0,0.0,22.0,40.0,71.0,0.0,0.0,0.0,0.0,0.0,0.0,0.0,0.0,0.0,0.0,127.0,4.0,0.0,0.0,0.0,54.0,66.0,23.0,0.0,0.0,0.0,0.0,0.0,0.0,0.0,0.0,0.0,0.0,0.00,0.0,0.0,0.0,0.0,0.0
220,xmlParser.cc,1.0,14.0,2.0,246.0,2093.0,477.0,5.0,4.0,6.0,2.0,16.0,1.0,13.0,2.0,0.0,134.0,2722.0,246.0,1858.0,404.0,1225.0,449.0,158.0,106.0,1200.0,1852.0,315.0,13.0,1524.0,70.0,57.0,73.0,39.0,8.0,0.24,668.0,593.0,765.0,362.0,0.0
221,xmlParser.h,0.0,1.0,0.0,63.0,271.0,279.0,1.0,1.0,1.0,1.0,1.0,0.0,1.0,0.0,0.0,3.0,554.0,63.0,215.0,213.0,46.0,273.0,23.0,56.0,160.0,165.0,165.0,0.0,0.0,1.0,1.0,1.0,1.0,0.0,1.27,3.0,3.0,3.0,3.0,0.0
226,EAMForceComputeGPU.cc,4.0,18.0,2.0,36.0,105.0,75.0,2.0,2.0,2.0,1.0,24.0,4.0,18.0,2.0,0.0,5.0,216.0,36.0,93.0,17.0,64.0,75.0,3.0,12.0,58.0,71.0,18.0,2.0,51.0,5.0,5.0,5.0,1.0,1.0,0.81,10.0,10.0,10.0,5.0,0.0
227,EAMForceComputeGPU.h,0.0,0.0,0.0,15.0,24.0,69.0,0.0,0.0,0.0,0.0,0.0,0.0,0.0,0.0,1.0,0.0,104.0,15.0,14.0,10.0,0.0,69.0,1.0,10.0,10.0,10.0,10.0,0.0,0.0,0.0,0.0,0.0,0.0,0.0,4.93,0.0,0.0,0.0,0.0,0.0
228,imd.cc,0.0,8.0,0.0,37.0,189.0,35.0,2.0,2.0,2.0,1.0,8.0,0.0,8.0,0.0,0.0,22.0,258.0,37.0,182.0,60.0,101.0,35.0,0.0,7.0,116.0,156.0,59.0,0.0,97.0,7.0,7.0,7.0,7.0,3.0,0.19,40.0,40.0,40.0,37.0,0.0
229,imd.h,0.0,0.0,0.0,21.0,46.0,60.0,0.0,0.0,0.0,0.0,0.0,0.0,0.0,0.0,0.0,0.0,100.0,21.0,38.0,38.0,0.0,60.0,1.0,7.0,26.0,27.0,27.0,0.0,0.0,0.0,0.0,0.0,0.0,0.0,1.58,0.0,0.0,0.0,0.0,0.0
230,vmdsock.h,0.0,0.0,0.0,9.0,33.0,28.0,0.0,0.0,0.0,0.0,0.0,0.0,0.0,0.0,0.0,0.0,65.0,6.0,14.0,14.0,0.0,25.0,16.0,14.0,12.0,12.0,12.0,0.0,0.0,0.0,0.0,0.0,0.0,0.0,1.79,0.0,0.0,0.0,0.0,0.0
232,TwoStepNVEGPU.cc,3.0,18.0,2.0,23.0,86.0,71.0,3.0,3.0,3.0,1.0,24.0,3.0,18.0,2.0,0.0,4.0,180.0,23.0,75.0,20.0,48.0,71.0,3.0,11.0,32.0,47.0,19.0,2.0,26.0,5.0,5.0,5.0,1.0,1.0,0.95,13.0,13.0,13.0,4.0,0.0
233,TwoStepNVEGPU.h,0.0,1.0,0.0,10.0,16.0,63.0,1.0,1.0,1.0,1.0,1.0,0.0,1.0,0.0,1.0,1.0,88.0,10.0,9.0,6.0,0.0,63.0,1.0,7.0,6.0,6.0,6.0,0.0,0.0,1.0,1.0,1.0,1.0,0.0,7.00,1.0,1.0,1.0,1.0,0.0
235,test_lj_force.cc,8.0,49.0,6.0,92.0,443.0,122.0,2.0,2.0,2.0,1.0,63.0,8.0,49.0,6.0,0.0,8.0,656.0,88.0,398.0,115.0,302.0,110.0,42.0,22.0,330.0,344.0,115.0,0.0,229.0,5.0,5.0,5.0,1.0,2.0,0.28,12.0,12.0,12.0,8.0,0.0
236,CellListGPU.cc,2.0,27.0,1.0,15.0,85.0,58.0,3.0,3.0,3.0,1.0,30.0,2.0,27.0,1.0,0.0,3.0,158.0,15.0,82.0,16.0,55.0,58.0,0.0,3.0,21.0,30.0,15.0,1.0,14.0,5.0,5.0,5.0,1.0,1.0,0.71,8.0,8.0,8.0,3.0,0.0
238,NeighborList.cc,5.0,25.0,4.0,225.0,852.0,283.0,4.0,4.0,5.0,1.0,34.0,5.0,23.0,4.0,0.0,32.0,1355.0,218.0,745.0,209.0,452.0,273.0,88.0,37.0,438.0,577.0,205.0,0.0,372.0,14.0,14.0,20.0,7.0,5.0,0.37,139.0,139.0,156.0,51.0,0.0
241,BoxResizeUpdater.cc,4.0,23.0,4.0,32.0,129.0,88.0,3.0,3.0,4.0,1.0,31.0,4.0,23.0,4.0,0.0,5.0,249.0,32.0,116.0,51.0,68.0,88.0,3.0,13.0,60.0,77.0,38.0,0.0,39.0,11.0,11.0,16.0,1.0,4.0,0.76,15.0,15.0,20.0,5.0,0.0
242,BoxResizeUpdater.h,0.0,0.0,0.0,13.0,32.0,71.0,0.0,0.0,0.0,0.0,0.0,0.0,0.0,0.0,1.0,0.0,109.0,13.0,23.0,19.0,0.0,71.0,1.0,9.0,13.0,13.0,13.0,0.0,0.0,0.0,0.0,0.0,0.0,0.0,3.09,0.0,0.0,0.0,0.0,0.0
243,ParticleData.cc,3.0,24.0,3.0,298.0,1628.0,445.0,2.0,2.0,2.0,1.0,29.0,2.0,15.0,1.0,0.0,51.0,2323.0,161.0,764.0,209.0,433.0,273.0,1041.0,92.0,391.0,494.0,193.0,0.0,301.0,5.0,5.0,13.0,5.0,2.0,0.36,99.0,99.0,110.0,59.0,0.0
246,BondTablePotentialGPU.h,0.0,0.0,0.0,11.0,22.0,66.0,0.0,0.0,0.0,0.0,0.0,0.0,0.0,0.0,1.0,0.0,97.0,11.0,14.0,10.0,1.0,66.0,1.0,8.0,8.0,10.0,9.0,0.0,1.0,0.0,0.0,0.0,0.0,0.0,4.71,0.0,0.0,0.0,0.0,0.0
248,TwoStepBDNVTRigidGPU.cc,7.0,49.0,4.0,38.0,210.0,81.0,4.0,4.0,4.0,1.0,60.0,7.0,49.0,4.0,0.0,4.0,329.0,38.0,197.0,70.0,125.0,81.0,3.0,13.0,136.0,152.0,65.0,4.0,83.0,7.0,7.0,7.0,1.0,1.0,0.41,16.0,16.0,16.0,4.0,0.0
252,TwoStepNVERigidGPU.h,0.0,1.0,0.0,10.0,16.0,63.0,1.0,1.0,1.0,1.0,1.0,0.0,1.0,0.0,1.0,1.0,88.0,10.0,9.0,6.0,0.0,63.0,1.0,7.0,6.0,6.0,6.0,0.0,0.0,1.0,1.0,1.0,1.0,0.0,7.00,1.0,1.0,1.0,1.0,0.0
254,MOL2DumpWriter.cc,3.0,17.0,2.0,30.0,103.0,70.0,3.0,3.0,3.0,1.0,23.0,3.0,17.0,2.0,0.0,5.0,203.0,30.0,89.0,23.0,50.0,70.0,3.0,14.0,47.0,62.0,22.0,0.0,40.0,9.0,9.0,11.0,1.0,2.0,0.79,15.0,15.0,17.0,5.0,0.0
255,MOL2DumpWriter.h,0.0,0.0,0.0,13.0,20.0,65.0,0.0,0.0,0.0,0.0,0.0,0.0,0.0,0.0,1.0,0.0,97.0,13.0,11.0,7.0,0.0,65.0,1.0,9.0,7.0,9.0,8.0,0.0,1.0,0.0,0.0,0.0,0.0,0.0,5.91,0.0,0.0,0.0,0.0,0.0
256,ClockSource.cc,0.0,7.0,1.0,11.0,34.0,59.0,1.0,1.0,1.0,1.0,8.0,0.0,7.0,1.0,0.0,3.0,104.0,11.0,23.0,8.0,11.0,59.0,3.0,11.0,12.0,17.0,9.0,0.0,8.0,1.0,1.0,1.0,1.0,0.0,2.57,3.0,3.0,3.0,3.0,0.0
257,HarmonicDihedralForceComputeGPU.cc,2.0,11.0,1.0,20.0,65.0,76.0,2.0,2.0,2.0,1.0,14.0,2.0,11.0,1.0,0.0,5.0,161.0,20.0,58.0,17.0,28.0,76.0,2.0,7.0,24.0,36.0,18.0,1.0,17.0,4.0,4.0,4.0,1.0,1.0,1.31,9.0,9.0,9.0,5.0,0.0
258,CGCMMAngleForceComputeGPU.cc,3.0,16.0,2.0,27.0,91.0,81.0,2.0,2.0,2.0,1.0,21.0,3.0,16.0,2.0,0.0,5.0,199.0,27.0,84.0,26.0,49.0,81.0,2.0,7.0,49.0,61.0,27.0,1.0,33.0,4.0,4.0,4.0,1.0,1.0,0.96,9.0,9.0,9.0,5.0,0.0
259,MSDAnalyzer.h,0.0,2.0,0.0,20.0,46.0,95.0,1.0,1.0,1.0,1.0,2.0,0.0,2.0,0.0,1.0,2.0,153.0,20.0,35.0,29.0,2.0,95.0,1.0,11.0,23.0,25.0,25.0,0.0,0.0,1.0,1.0,1.0,1.0,0.0,2.71,2.0,2.0,2.0,2.0,0.0
260,ComputeThermoTypes.h,0.0,0.0,0.0,6.0,30.0,73.0,0.0,0.0,0.0,0.0,0.0,0.0,0.0,0.0,0.0,0.0,93.0,6.0,26.0,22.0,1.0,73.0,0.0,4.0,10.0,10.0,10.0,0.0,0.0,0.0,0.0,0.0,0.0,0.0,2.81,0.0,0.0,0.0,0.0,0.0
261,Initializers.cc,2.0,14.0,2.0,41.0,175.0,114.0,3.0,3.0,3.0,1.0,18.0,2.0,14.0,2.0,0.0,11.0,330.0,41.0,160.0,48.0,92.0,114.0,3.0,15.0,82.0,111.0,39.0,0.0,72.0,13.0,13.0,13.0,1.0,5.0,0.71,29.0,29.0,29.0,11.0,0.0
262,hoomd_module.cc,2.0,26.0,2.0,60.0,471.0,108.0,2.0,2.0,2.0,1.0,30.0,2.0,15.0,1.0,0.0,12.0,635.0,48.0,187.0,14.0,147.0,93.0,182.0,174.0,132.0,153.0,17.0,0.0,136.0,7.0,7.0,7.0,7.0,1.0,0.50,18.0,18.0,18.0,18.0,0.0
263,HOOMDBinaryInitializer.h,0.0,0.0,0.0,24.0,70.0,115.0,0.0,0.0,0.0,0.0,0.0,0.0,0.0,0.0,1.0,0.0,171.0,24.0,51.0,47.0,0.0,115.0,1.0,19.0,46.0,46.0,46.0,0.0,0.0,0.0,0.0,0.0,0.0,0.0,2.25,0.0,0.0,0.0,0.0,0.0
264,TableAngleForceCompute.h,0.0,0.0,0.0,15.0,33.0,92.0,0.0,0.0,0.0,0.0,0.0,0.0,0.0,0.0,1.0,0.0,135.0,15.0,22.0,18.0,1.0,92.0,1.0,11.0,13.0,15.0,14.0,0.0,1.0,0.0,0.0,0.0,0.0,0.0,4.18,0.0,0.0,0.0,0.0,0.0
265,TableDihedralForceCompute.h,0.0,0.0,0.0,15.0,32.0,92.0,0.0,0.0,0.0,0.0,0.0,0.0,0.0,0.0,1.0,0.0,134.0,15.0,21.0,17.0,1.0,92.0,1.0,11.0,13.0,15.0,14.0,0.0,1.0,0.0,0.0,0.0,0.0,0.0,4.38,0.0,0.0,0.0,0.0,0.0
266,CGCMMForceCompute.h,0.0,0.0,0.0,16.0,30.0,84.0,0.0,0.0,0.0,0.0,0.0,0.0,0.0,0.0,1.0,0.0,123.0,16.0,21.0,17.0,0.0,84.0,1.0,9.0,15.0,15.0,15.0,0.0,0.0,0.0,0.0,0.0,0.0,0.0,4.00,0.0,0.0,0.0,0.0,0.0
267,AllTripletPotentials.h,0.0,0.0,0.0,9.0,17.0,47.0,0.0,0.0,0.0,0.0,0.0,0.0,0.0,0.0,0.0,0.0,71.0,8.0,1.0,1.0,0.0,46.0,6.0,15.0,1.0,1.0,1.0,0.0,0.0,0.0,0.0,0.0,0.0,0.0,46.00,0.0,0.0,0.0,0.0,0.0
268,IMDInterface.h,0.0,0.0,0.0,17.0,47.0,92.0,0.0,0.0,0.0,0.0,0.0,0.0,0.0,0.0,1.0,0.0,145.0,17.0,38.0,34.0,5.0,92.0,1.0,9.0,29.0,29.0,29.0,0.0,0.0,0.0,0.0,0.0,0.0,0.0,2.42,0.0,0.0,0.0,0.0,0.0
269,HOOMDBinaryDumpWriter.h,0.0,0.0,0.0,12.0,27.0,89.0,0.0,0.0,0.0,0.0,0.0,0.0,0.0,0.0,1.0,0.0,122.0,12.0,18.0,14.0,0.0,89.0,1.0,9.0,14.0,16.0,15.0,0.0,1.0,0.0,0.0,0.0,0.0,0.0,4.94,0.0,0.0,0.0,0.0,0.0
270,PDBDumpWriter.h,0.0,4.0,0.0,14.0,25.0,67.0,1.0,1.0,1.0,1.0,4.0,0.0,4.0,0.0,0.0,1.0,104.0,14.0,16.0,5.0,4.0,67.0,1.0,9.0,9.0,9.0,5.0,0.0,4.0,1.0,1.0,1.0,1.0,0.0,4.19,1.0,1.0,1.0,1.0,0.0
271,DCDDumpWriter.h,0.0,4.0,0.0,22.0,55.0,101.0,1.0,1.0,1.0,1.0,4.0,0.0,4.0,0.0,1.0,3.0,164.0,22.0,44.0,31.0,4.0,101.0,1.0,11.0,27.0,30.0,27.0,0.0,3.0,1.0,1.0,1.0,1.0,0.0,2.30,3.0,3.0,3.0,3.0,0.0
272,Logger.h,0.0,8.0,0.0,22.0,55.0,98.0,1.0,1.0,1.0,1.0,8.0,0.0,8.0,0.0,1.0,1.0,175.0,22.0,40.0,30.0,7.0,98.0,1.0,15.0,30.0,31.0,27.0,0.0,4.0,1.0,1.0,1.0,1.0,0.0,2.45,1.0,1.0,1.0,1.0,0.0
273,Integrator.h,0.0,4.0,0.0,30.0,56.0,117.0,1.0,1.0,1.0,1.0,4.0,0.0,4.0,0.0,1.0,1.0,199.0,30.0,29.0,21.0,1.0,111.0,11.0,23.0,21.0,22.0,21.0,0.0,1.0,1.0,1.0,1.0,1.0,0.0,3.83,1.0,1.0,1.0,1.0,0.0
274,TempRescaleUpdater.h,0.0,0.0,0.0,13.0,25.0,66.0,0.0,0.0,0.0,0.0,0.0,0.0,0.0,0.0,1.0,0.0,102.0,13.0,14.0,10.0,0.0,66.0,1.0,11.0,8.0,8.0,8.0,0.0,0.0,0.0,0.0,0.0,0.0,0.0,4.71,0.0,0.0,0.0,0.0,0.0
275,FIREEnergyMinimizerRigid.h,0.0,3.0,0.0,17.0,37.0,76.0,1.0,1.0,1.0,1.0,3.0,0.0,3.0,0.0,1.0,4.0,123.0,17.0,27.0,16.0,5.0,76.0,1.0,10.0,16.0,20.0,16.0,0.0,4.0,1.0,1.0,1.0,1.0,0.0,2.81,4.0,4.0,4.0,4.0,0.0
276,SFCPackUpdater.h,0.0,4.0,0.0,22.0,47.0,97.0,1.0,1.0,1.0,1.0,4.0,0.0,4.0,0.0,1.0,1.0,159.0,22.0,27.0,19.0,1.0,97.0,4.0,20.0,20.0,21.0,19.0,1.0,1.0,1.0,1.0,1.0,1.0,0.0,3.59,1.0,1.0,1.0,1.0,0.0
277,ConstraintSphere.h,0.0,0.0,0.0,15.0,28.0,66.0,0.0,0.0,0.0,0.0,0.0,0.0,0.0,0.0,1.0,0.0,106.0,15.0,19.0,14.0,0.0,66.0,1.0,9.0,11.0,11.0,11.0,0.0,0.0,0.0,0.0,0.0,0.0,0.0,3.47,0.0,0.0,0.0,0.0,0.0
278,PotentialPairDPDThermo.h,6.0,26.0,6.0,65.0,206.0,140.0,3.0,3.0,3.0,1.0,38.0,6.0,22.0,6.0,1.0,6.0,407.0,62.0,153.0,77.0,91.0,135.0,35.0,31.0,114.0,131.0,65.0,0.0,66.0,14.0,14.0,14.0,1.0,5.0,0.88,19.0,19.0,19.0,6.0,0.0
279,EvaluatorTersoff.h,3.0,16.0,4.0,50.0,243.0,101.0,2.0,2.0,2.0,1.0,23.0,3.0,16.0,4.0,1.0,12.0,368.0,50.0,227.0,137.0,121.0,101.0,2.0,16.0,139.0,160.0,113.0,0.0,47.0,4.0,4.0,5.0,1.0,2.0,0.44,20.0,20.0,25.0,12.0,0.0
280,AllExternalPotentials.h,0.0,0.0,0.0,9.0,16.0,56.0,0.0,0.0,0.0,0.0,0.0,0.0,0.0,0.0,0.0,0.0,80.0,9.0,1.0,1.0,0.0,55.0,5.0,14.0,1.0,1.0,1.0,0.0,0.0,0.0,0.0,0.0,0.0,0.0,55.00,0.0,0.0,0.0,0.0,0.0
281,TwoStepBDNVTGPU.h,0.0,1.0,0.0,11.0,26.0,75.0,1.0,1.0,1.0,1.0,1.0,0.0,1.0,0.0,1.0,1.0,107.0,11.0,19.0,15.0,1.0,75.0,1.0,7.0,10.0,12.0,11.0,0.0,1.0,1.0,1.0,1.0,1.0,0.0,3.95,1.0,1.0,1.0,1.0,0.0
282,TwoStepBerendsenGPU.h,0.0,1.0,0.0,11.0,22.0,61.0,1.0,1.0,1.0,1.0,1.0,0.0,1.0,0.0,1.0,1.0,92.0,11.0,15.0,11.0,0.0,61.0,1.0,7.0,7.0,9.0,8.0,0.0,1.0,1.0,1.0,1.0,1.0,0.0,4.07,1.0,1.0,1.0,1.0,0.0
283,TwoStepNPTRigidGPU.h,0.0,1.0,0.0,14.0,39.0,77.0,1.0,1.0,1.0,1.0,1.0,0.0,1.0,0.0,1.0,1.0,115.0,14.0,32.0,28.0,1.0,77.0,1.0,7.0,20.0,22.0,21.0,0.0,1.0,1.0,1.0,1.0,1.0,0.0,2.41,1.0,1.0,1.0,1.0,0.0
284,CGCMMForceComputeGPU.h,0.0,0.0,0.0,14.0,23.0,67.0,0.0,0.0,0.0,0.0,0.0,0.0,0.0,0.0,1.0,0.0,102.0,14.0,13.0,9.0,0.0,67.0,1.0,10.0,9.0,9.0,9.0,0.0,0.0,0.0,0.0,0.0,0.0,0.0,5.15,0.0,0.0,0.0,0.0,0.0
285,TablePotentialGPU.h,0.0,1.0,0.0,12.0,22.0,65.0,1.0,1.0,1.0,1.0,1.0,0.0,1.0,0.0,1.0,1.0,98.0,12.0,14.0,10.0,1.0,65.0,1.0,8.0,6.0,9.0,8.0,0.0,1.0,1.0,1.0,1.0,1.0,0.0,4.64,1.0,1.0,1.0,1.0,0.0
286,TableAngleForceComputeGPU.h,0.0,1.0,0.0,11.0,22.0,66.0,1.0,1.0,1.0,1.0,1.0,0.0,1.0,0.0,1.0,1.0,97.0,11.0,14.0,10.0,1.0,66.0,1.0,8.0,7.0,10.0,9.0,0.0,1.0,1.0,1.0,1.0,1.0,0.0,4.71,1.0,1.0,1.0,1.0,0.0
287,TableDihedralForceComputeGPU.h,0.0,1.0,0.0,11.0,22.0,66.0,1.0,1.0,1.0,1.0,1.0,0.0,1.0,0.0,1.0,1.0,97.0,11.0,14.0,10.0,1.0,66.0,1.0,8.0,7.0,10.0,9.0,0.0,1.0,1.0,1.0,1.0,1.0,0.0,4.71,1.0,1.0,1.0,1.0,0.0
288,FIREEnergyMinimizerRigidGPU.h,0.0,1.0,0.0,15.0,25.0,70.0,1.0,1.0,1.0,1.0,1.0,0.0,1.0,0.0,1.0,1.0,103.0,15.0,17.0,12.0,1.0,70.0,1.0,8.0,11.0,14.0,13.0,0.0,1.0,1.0,1.0,1.0,1.0,0.0,4.12,1.0,1.0,1.0,1.0,0.0
289,ConstraintSphereGPU.h,0.0,0.0,0.0,10.0,19.0,60.0,0.0,0.0,0.0,0.0,0.0,0.0,0.0,0.0,1.0,0.0,88.0,10.0,12.0,8.0,0.0,60.0,1.0,7.0,5.0,7.0,6.0,0.0,1.0,0.0,0.0,0.0,0.0,0.0,5.00,0.0,0.0,0.0,0.0,0.0
292,test_utils.cc,2.0,23.0,1.0,30.0,151.0,114.0,1.0,1.0,1.0,1.0,26.0,2.0,23.0,1.0,0.0,6.0,295.0,30.0,137.0,16.0,110.0,114.0,3.0,14.0,119.0,126.0,17.0,0.0,109.0,1.0,1.0,1.0,1.0,0.0,0.83,6.0,6.0,6.0,6.0,0.0
293,test_neighborlist.cc,6.0,25.0,3.0,116.0,488.0,133.0,1.0,1.0,1.0,1.0,33.0,6.0,25.0,3.0,0.0,17.0,737.0,112.0,425.0,85.0,272.0,110.0,72.0,23.0,398.0,425.0,81.0,0.0,344.0,5.0,5.0,5.0,1.0,2.0,0.26,25.0,25.0,25.0,17.0,0.0
294,test_npt_mtk_integrator.cc,7.0,50.0,7.0,80.0,431.0,115.0,3.0,3.0,3.0,1.0,63.0,7.0,46.0,7.0,0.0,7.0,618.0,76.0,330.0,133.0,230.0,110.0,74.0,43.0,241.0,265.0,108.0,0.0,157.0,11.0,11.0,11.0,1.0,3.0,0.33,22.0,22.0,22.0,7.0,0.0
295,PPPMForceComputeGPU.cc,7.0,40.0,4.0,51.0,214.0,94.0,3.0,3.0,4.0,1.0,50.0,7.0,40.0,4.0,0.0,5.0,351.0,51.0,205.0,59.0,132.0,94.0,1.0,9.0,103.0,122.0,58.0,4.0,60.0,11.0,11.0,14.0,1.0,2.0,0.46,16.0,16.0,19.0,5.0,0.0
296,TwoStepNVERigidGPU.cc,6.0,40.0,4.0,35.0,174.0,77.0,4.0,4.0,4.0,1.0,50.0,6.0,40.0,4.0,0.0,4.0,286.0,35.0,163.0,60.0,100.0,77.0,3.0,11.0,118.0,134.0,59.0,2.0,73.0,6.0,6.0,6.0,1.0,1.0,0.47,14.0,14.0,14.0,4.0,0.0
297,test_nve_integrator.cc,6.0,29.0,4.0,76.0,289.0,97.0,2.0,2.0,2.0,1.0,39.0,6.0,29.0,4.0,0.0,8.0,462.0,72.0,237.0,57.0,166.0,92.0,38.0,27.0,204.0,218.0,56.0,0.0,162.0,3.0,3.0,3.0,1.0,2.0,0.39,12.0,12.0,12.0,8.0,0.0
298,HOOMDInitializer.cc,4.0,27.0,4.0,142.0,761.0,248.0,6.0,6.0,6.0,1.0,35.0,4.0,27.0,4.0,0.0,27.0,1151.0,142.0,745.0,149.0,461.0,248.0,3.0,16.0,443.0,602.0,148.0,0.0,454.0,38.0,38.0,46.0,3.0,3.0,0.33,156.0,156.0,164.0,39.0,0.0
299,mmio.h,0.0,0.0,0.0,35.0,72.0,27.0,0.0,0.0,0.0,0.0,0.0,0.0,0.0,0.0,0.0,0.0,133.0,35.0,17.0,17.0,0.0,27.0,0.0,55.0,13.0,13.0,13.0,0.0,0.0,0.0,0.0,0.0,0.0,0.0,1.59,0.0,0.0,0.0,0.0,0.0
300,PotentialExternal.h,3.0,13.0,1.0,35.0,109.0,82.0,2.0,2.0,2.0,1.0,17.0,3.0,13.0,1.0,1.0,6.0,224.0,35.0,100.0,44.0,41.0,82.0,1.0,9.0,54.0,65.0,32.0,0.0,33.0,5.0,5.0,5.0,1.0,2.0,0.82,12.0,12.0,12.0,6.0,0.0
301,EvaluatorExternalPeriodic.h,2.0,17.0,1.0,21.0,85.0,88.0,2.0,2.0,2.0,1.0,20.0,2.0,17.0,1.0,1.0,3.0,187.0,21.0,64.0,23.0,34.0,88.0,2.0,21.0,39.0,47.0,19.0,0.0,28.0,5.0,5.0,5.0,1.0,1.0,1.38,7.0,7.0,7.0,3.0,0.0
303,PotentialExternalGPU.h,1.0,9.0,1.0,19.0,60.0,67.0,2.0,2.0,2.0,1.0,10.0,1.0,9.0,1.0,1.0,4.0,146.0,19.0,50.0,24.0,17.0,67.0,1.0,10.0,14.0,20.0,13.0,0.0,7.0,3.0,3.0,3.0,1.0,1.0,1.34,6.0,6.0,6.0,4.0,0.0
305,AllPairExtPotentials.h,0.0,0.0,0.0,8.0,17.0,57.0,0.0,0.0,0.0,0.0,0.0,0.0,0.0,0.0,0.0,0.0,81.0,8.0,1.0,1.0,0.0,53.0,8.0,15.0,1.0,1.0,1.0,0.0,0.0,0.0,0.0,0.0,0.0,0.0,53.00,0.0,0.0,0.0,0.0,0.0
306,AllBondExtPotentials.h,0.0,0.0,0.0,8.0,17.0,57.0,0.0,0.0,0.0,0.0,0.0,0.0,0.0,0.0,0.0,0.0,81.0,8.0,1.0,1.0,0.0,53.0,8.0,15.0,1.0,1.0,1.0,0.0,0.0,0.0,0.0,0.0,0.0,0.0,53.00,0.0,0.0,0.0,0.0,0.0
307,Integrator.cc,2.0,18.0,2.0,101.0,592.0,190.0,3.0,3.0,3.0,1.0,22.0,2.0,17.0,1.0,0.0,16.0,883.0,62.0,281.0,82.0,168.0,149.0,372.0,24.0,180.0,234.0,84.0,0.0,150.0,19.0,19.0,19.0,9.0,3.0,0.53,51.0,51.0,51.0,24.0,0.0
309,DCDDumpWriter.cc,4.0,24.0,3.0,65.0,282.0,138.0,3.0,3.0,3.0,1.0,31.0,4.0,22.0,3.0,0.0,11.0,478.0,65.0,250.0,57.0,167.0,137.0,15.0,22.0,157.0,191.0,48.0,0.0,143.0,10.0,10.0,11.0,3.0,3.0,0.55,33.0,33.0,36.0,13.0,0.0
310,MSDAnalyzer.cc,4.0,20.0,4.0,57.0,219.0,129.0,3.0,3.0,3.0,1.0,27.0,4.0,18.0,3.0,0.0,10.0,405.0,57.0,184.0,45.0,110.0,126.0,20.0,22.0,100.0,134.0,42.0,0.0,92.0,6.0,6.0,7.0,1.0,2.0,0.68,31.0,31.0,33.0,10.0,0.0
311,TextureTools.h,0.0,0.0,0.0,17.0,73.0,110.0,0.0,0.0,0.0,0.0,0.0,0.0,0.0,0.0,0.0,0.0,199.0,8.0,0.0,0.0,0.0,62.0,124.0,27.0,0.0,0.0,0.0,0.0,0.0,0.0,0.0,0.0,0.0,0.0,0.00,0.0,0.0,0.0,0.0,0.0
312,EvaluatorPairDPDLJThermo.h,1.0,7.0,1.0,43.0,135.0,170.0,1.0,1.0,2.0,1.0,9.0,1.0,7.0,1.0,1.0,12.0,335.0,43.0,105.0,41.0,46.0,170.0,4.0,30.0,54.0,71.0,39.0,0.0,32.0,4.0,4.0,5.0,1.0,2.0,1.62,17.0,17.0,19.0,12.0,0.0
313,saruprngCUDA.h,0.0,6.0,1.0,68.0,266.0,138.0,1.0,1.0,1.0,1.0,7.0,0.0,6.0,1.0,1.0,29.0,459.0,68.0,261.0,108.0,103.0,138.0,0.0,5.0,129.0,164.0,86.0,0.0,78.0,6.0,6.0,6.0,1.0,3.0,0.53,36.0,36.0,36.0,29.0,0.0
314,EvaluatorPairDPDThermo.h,1.0,6.0,1.0,41.0,124.0,169.0,1.0,1.0,1.0,1.0,9.0,1.0,6.0,1.0,1.0,12.0,322.0,41.0,94.0,38.0,40.0,169.0,4.0,30.0,49.0,65.0,37.0,0.0,28.0,3.0,3.0,3.0,1.0,2.0,1.80,15.0,15.0,15.0,12.0,0.0
315,TableDihedralForceCompute.cc,9.0,33.0,6.0,75.0,237.0,113.0,4.0,4.0,4.0,1.0,46.0,9.0,33.0,6.0,0.0,7.0,415.0,75.0,233.0,101.0,177.0,113.0,0.0,4.0,188.0,213.0,96.0,0.0,117.0,14.0,14.0,14.0,1.0,2.0,0.48,25.0,25.0,26.0,7.0,0.0
316,test_messenger.cc,5.0,22.0,3.0,34.0,122.0,67.0,1.0,1.0,1.0,1.0,29.0,5.0,22.0,3.0,0.0,5.0,222.0,34.0,114.0,15.0,84.0,67.0,0.0,8.0,97.0,105.0,18.0,0.0,87.0,1.0,1.0,1.0,1.0,0.0,0.59,5.0,5.0,5.0,5.0,0.0
317,test_harmonic_improper_force.cc,15.0,78.0,22.0,81.0,353.0,144.0,2.0,2.0,2.0,1.0,113.0,15.0,78.0,22.0,0.0,4.0,570.0,79.0,316.0,56.0,252.0,141.0,24.0,21.0,268.0,276.0,56.0,0.0,220.0,3.0,3.0,3.0,1.0,1.0,0.45,6.0,6.0,6.0,4.0,0.0
318,sparsematrix.h,1.0,17.0,1.0,22.0,66.0,40.0,5.0,5.0,6.0,3.0,19.0,1.0,17.0,1.0,0.0,2.0,124.0,22.0,64.0,40.0,23.0,40.0,0.0,2.0,38.0,48.0,31.0,0.0,17.0,6.0,6.0,8.0,6.0,4.0,0.62,10.0,10.0,12.0,7.0,0.0
319,Enforce2DUpdater.cc,1.0,9.0,1.0,16.0,48.0,60.0,2.0,2.0,2.0,1.0,10.0,1.0,9.0,1.0,0.0,4.0,124.0,16.0,36.0,9.0,15.0,60.0,3.0,12.0,17.0,27.0,9.0,0.0,18.0,4.0,4.0,4.0,1.0,1.0,1.67,8.0,8.0,8.0,4.0,0.0
320,HOOMDVersion.cc,11.0,50.0,5.0,16.0,54.0,60.0,1.0,1.0,1.0,1.0,66.0,11.0,23.0,4.0,0.0,1.0,130.0,16.0,24.0,1.0,20.0,59.0,11.0,22.0,20.0,22.0,2.0,0.0,20.0,1.0,1.0,1.0,1.0,0.0,2.46,1.0,1.0,1.0,1.0,0.0
321,test_lj_wall_force.cc,5.0,29.0,4.0,29.0,108.0,70.0,1.0,1.0,1.0,1.0,38.0,5.0,29.0,4.0,0.0,3.0,204.0,29.0,92.0,24.0,64.0,70.0,3.0,16.0,80.0,85.0,25.0,0.0,60.0,1.0,1.0,1.0,1.0,0.0,0.76,3.0,3.0,3.0,3.0,0.0
322,mgpuenums.h,0.0,0.0,0.0,9.0,29.0,33.0,0.0,0.0,0.0,0.0,0.0,0.0,0.0,0.0,0.0,0.0,70.0,9.0,28.0,28.0,0.0,33.0,0.0,1.0,5.0,6.0,6.0,0.0,0.0,0.0,0.0,0.0,0.0,0.0,1.18,0.0,0.0,0.0,0.0,0.0
323,HarmonicDihedralForceCompute.cc,7.0,32.0,4.0,65.0,239.0,100.0,4.0,4.0,4.0,1.0,42.0,7.0,32.0,4.0,0.0,7.0,402.0,65.0,225.0,84.0,175.0,100.0,3.0,14.0,185.0,211.0,83.0,0.0,128.0,15.0,15.0,15.0,1.0,2.0,0.44,26.0,26.0,27.0,7.0,0.0
324,test_dpd_integrator.cc,5.0,23.0,2.0,40.0,133.0,63.0,2.0,2.0,2.0,1.0,31.0,5.0,23.0,2.0,0.0,4.0,236.0,40.0,97.0,20.0,71.0,63.0,12.0,28.0,75.0,85.0,20.0,0.0,65.0,5.0,5.0,6.0,1.0,2.0,0.65,8.0,8.0,9.0,4.0,0.0
325,PotentialPairDPDThermoGPU.h,0.0,0.0,0.0,24.0,102.0,94.0,0.0,0.0,0.0,0.0,0.0,0.0,0.0,0.0,0.0,0.0,217.0,3.0,0.0,0.0,0.0,52.0,159.0,12.0,0.0,0.0,0.0,0.0,0.0,0.0,0.0,0.0,0.0,0.0,0.00,0.0,0.0,0.0,0.0,0.0
327,TempRescaleUpdater.cc,2.0,15.0,1.0,26.0,91.0,68.0,2.0,2.0,2.0,1.0,19.0,2.0,15.0,1.0,0.0,5.0,185.0,26.0,79.0,20.0,40.0,68.0,3.0,12.0,40.0,54.0,18.0,0.0,36.0,8.0,8.0,8.0,1.0,3.0,0.86,12.0,12.0,12.0,5.0,0.0
334,TwoStepBerendsenGPU.cc,4.0,20.0,2.0,25.0,86.0,70.0,3.0,3.0,3.0,1.0,26.0,4.0,20.0,2.0,0.0,4.0,181.0,25.0,82.0,25.0,52.0,70.0,0.0,4.0,34.0,47.0,20.0,2.0,25.0,5.0,5.0,5.0,1.0,1.0,0.85,13.0,13.0,13.0,4.0,0.0
338,GPUFlags.h,1.0,18.0,2.0,44.0,251.0,148.0,1.0,1.0,1.0,1.0,21.0,1.0,7.0,2.0,1.0,12.0,438.0,44.0,100.0,38.0,34.0,139.0,116.0,54.0,44.0,59.0,26.0,0.0,33.0,2.0,2.0,2.0,1.0,1.0,1.39,16.0,16.0,16.0,12.0,0.0
342,doxygen_dummy.h,0.0,0.0,0.0,0.0,6.0,4.0,0.0,0.0,0.0,0.0,0.0,0.0,0.0,0.0,1.0,0.0,9.0,0.0,6.0,5.0,0.0,4.0,0.0,0.0,2.0,3.0,3.0,0.0,0.0,0.0,0.0,0.0,0.0,0.0,0.67,0.0,0.0,0.0,0.0,0.0
343,FIREEnergyMinimizerRigid.cc,8.0,35.0,4.0,51.0,185.0,83.0,5.0,5.0,5.0,2.0,46.0,8.0,35.0,4.0,0.0,5.0,316.0,51.0,175.0,38.0,114.0,83.0,3.0,10.0,108.0,132.0,34.0,0.0,98.0,16.0,16.0,19.0,6.0,2.0,0.47,23.0,23.0,26.0,10.0,0.0
344,Communicator.cc,0.0,0.0,0.0,190.0,694.0,175.0,0.0,0.0,0.0,0.0,0.0,0.0,0.0,0.0,0.0,0.0,1044.0,3.0,0.0,0.0,0.0,54.0,986.0,12.0,0.0,0.0,0.0,0.0,0.0,0.0,0.0,0.0,0.0,0.0,0.00,0.0,0.0,0.0,0.0,0.0
345,test_berendsen_integrator.cc,9.0,29.0,3.0,31.0,81.0,62.0,5.0,5.0,5.0,1.0,40.0,9.0,29.0,3.0,0.0,2.0,174.0,31.0,60.0,9.0,42.0,61.0,7.0,17.0,50.0,61.0,10.0,2.0,49.0,8.0,8.0,8.0,1.0,2.0,1.02,9.0,9.0,9.0,2.0,0.0
346,test_slj_force.cc,8.0,46.0,7.0,71.0,328.0,105.0,2.0,2.0,2.0,1.0,60.0,8.0,46.0,7.0,0.0,6.0,503.0,67.0,281.0,79.0,221.0,100.0,38.0,21.0,226.0,238.0,77.0,0.0,161.0,5.0,5.0,5.0,1.0,2.0,0.36,10.0,10.0,10.0,6.0,0.0
347,test_pdata.cc,16.0,91.0,6.0,114.0,563.0,123.0,3.0,3.0,3.0,1.0,112.0,16.0,91.0,6.0,0.0,6.0,792.0,114.0,549.0,88.0,461.0,123.0,3.0,14.0,509.0,527.0,90.0,0.0,437.0,10.0,10.0,13.0,4.0,3.0,0.22,16.0,16.0,19.0,9.0,0.0
348,IntegratorTwoStep.cc,2.0,12.0,2.0,55.0,194.0,122.0,3.0,3.0,3.0,1.0,17.0,2.0,11.0,2.0,0.0,14.0,371.0,54.0,158.0,25.0,93.0,116.0,28.0,18.0,89.0,130.0,25.0,0.0,105.0,12.0,12.0,15.0,3.0,2.0,0.73,39.0,39.0,43.0,16.0,0.0
349,IntegratorData.h,0.0,3.0,0.0,19.0,45.0,98.0,1.0,1.0,1.0,1.0,3.0,0.0,3.0,0.0,1.0,7.0,158.0,19.0,37.0,17.0,5.0,98.0,1.0,8.0,15.0,22.0,15.0,0.0,7.0,1.0,1.0,1.0,1.0,0.0,2.65,7.0,7.0,7.0,7.0,0.0
351,test_table_potential.cc,6.0,48.0,3.0,50.0,282.0,78.0,1.0,1.0,1.0,1.0,57.0,6.0,48.0,3.0,0.0,5.0,410.0,49.0,244.0,49.0,181.0,74.0,28.0,19.0,211.0,218.0,47.0,0.0,171.0,1.0,1.0,1.0,1.0,0.0,0.30,5.0,5.0,5.0,5.0,0.0
352,SignalHandler.cc,2.0,11.0,3.0,12.0,28.0,64.0,3.0,3.0,5.0,1.0,16.0,2.0,11.0,3.0,0.0,2.0,104.0,12.0,25.0,5.0,16.0,64.0,0.0,3.0,12.0,20.0,7.0,0.0,13.0,3.0,3.0,6.0,1.0,1.0,2.56,6.0,6.0,9.0,2.0,0.0
353,PPPMForceCompute.cc,7.0,43.0,2.0,160.0,783.0,107.0,6.0,6.0,8.0,1.0,51.0,7.0,43.0,2.0,0.0,18.0,1048.0,160.0,772.0,216.0,522.0,107.0,2.0,11.0,622.0,734.0,207.0,1.0,526.0,18.0,18.0,37.0,1.0,7.0,0.14,113.0,113.0,142.0,18.0,0.0
354,kiss_fft.h,0.0,0.0,0.0,20.0,47.0,59.0,0.0,0.0,0.0,0.0,0.0,0.0,0.0,0.0,0.0,0.0,126.0,20.0,12.0,12.0,0.0,58.0,12.0,35.0,9.0,9.0,9.0,0.0,0.0,0.0,0.0,0.0,0.0,0.0,4.83,0.0,0.0,0.0,0.0,0.0
359,module.cc,1.0,7.0,0.0,5.0,10.0,53.0,1.0,1.0,1.0,1.0,8.0,1.0,4.0,0.0,0.0,1.0,68.0,5.0,5.0,1.0,1.0,53.0,1.0,4.0,2.0,4.0,2.0,0.0,2.0,1.0,1.0,1.0,1.0,0.0,10.60,1.0,1.0,1.0,1.0,0.0
360,test_cgcmm_force.cc,8.0,46.0,7.0,86.0,420.0,126.0,2.0,2.0,2.0,1.0,60.0,8.0,46.0,7.0,0.0,8.0,630.0,82.0,368.0,99.0,289.0,120.0,42.0,24.0,292.0,306.0,101.0,0.0,205.0,5.0,5.0,5.0,1.0,2.0,0.33,12.0,12.0,12.0,8.0,0.0
361,test_hoomd_xml.cc,123.0,278.0,55.0,380.0,856.0,223.0,2.0,2.0,2.0,1.0,436.0,123.0,278.0,55.0,0.0,3.0,1400.0,380.0,836.0,90.0,716.0,223.0,3.0,20.0,787.0,796.0,93.0,0.0,703.0,3.0,3.0,3.0,1.0,2.0,0.27,6.0,6.0,6.0,3.0,0.0
362,TableDihedralForceComputeGPU.cc,3.0,15.0,2.0,20.0,67.0,72.0,2.0,2.0,2.0,1.0,20.0,3.0,15.0,2.0,0.0,4.0,159.0,20.0,63.0,17.0,31.0,72.0,0.0,4.0,22.0,31.0,15.0,1.0,15.0,4.0,4.0,4.0,1.0,1.0,1.14,8.0,8.0,8.0,4.0,0.0
363,CellList.cc,6.0,29.0,4.0,119.0,466.0,132.0,6.0,6.0,7.0,1.0,39.0,6.0,28.0,4.0,0.0,16.0,717.0,119.0,451.0,106.0,299.0,132.0,7.0,8.0,246.0,331.0,106.0,0.0,225.0,24.0,24.0,39.0,5.0,7.0,0.29,98.0,98.0,116.0,20.0,0.0
364,IntegrationMethodTwoStep.cc,1.0,11.0,0.0,21.0,91.0,89.0,2.0,2.0,2.0,1.0,12.0,1.0,11.0,0.0,0.0,7.0,201.0,21.0,76.0,18.0,38.0,89.0,5.0,14.0,31.0,46.0,15.0,0.0,31.0,5.0,5.0,6.0,1.0,3.0,1.17,14.0,14.0,15.0,7.0,0.0
365,test_system.cc,4.0,33.0,3.0,46.0,265.0,154.0,4.0,4.0,4.0,1.0,39.0,4.0,33.0,3.0,3.0,7.0,462.0,46.0,250.0,30.0,140.0,154.0,3.0,15.0,124.0,139.0,26.0,0.0,113.0,15.0,15.0,15.0,1.0,1.0,0.62,27.0,27.0,27.0,7.0,0.0
366,mgpucontext.h,0.0,3.0,0.0,90.0,381.0,44.0,1.0,1.0,1.0,1.0,3.0,0.0,3.0,0.0,7.0,71.0,513.0,90.0,361.0,217.0,125.0,42.0,10.0,20.0,196.0,283.0,165.0,0.0,118.0,2.0,2.0,2.0,1.0,1.0,0.12,87.0,87.0,87.0,71.0,0.0
367,util.h,0.0,2.0,0.0,16.0,71.0,38.0,1.0,1.0,1.0,1.0,2.0,0.0,2.0,0.0,3.0,21.0,124.0,16.0,69.0,36.0,19.0,38.0,0.0,2.0,29.0,55.0,34.0,0.0,21.0,2.0,2.0,2.0,1.0,1.0,0.55,25.0,25.0,25.0,21.0,0.0
368,mgpualloc.h,0.0,1.0,0.0,25.0,64.0,10.0,1.0,1.0,1.0,1.0,1.0,0.0,1.0,0.0,3.0,10.0,98.0,25.0,61.0,48.0,11.0,10.0,0.0,3.0,43.0,54.0,47.0,0.0,7.0,1.0,1.0,1.0,1.0,0.0,0.16,10.0,10.0,10.0,10.0,0.0
374,EAMForceCompute.cc,8.0,37.0,6.0,86.0,348.0,122.0,7.0,7.0,7.0,1.0,51.0,8.0,37.0,6.0,0.0,9.0,556.0,86.0,334.0,92.0,224.0,122.0,3.0,14.0,248.0,308.0,86.0,2.0,220.0,35.0,35.0,40.0,5.0,4.0,0.37,60.0,60.0,65.0,16.0,0.0
375,TwoStepNPTRigidGPU.cc,16.0,80.0,6.0,75.0,332.0,95.0,6.0,6.0,6.0,1.0,102.0,16.0,80.0,6.0,0.0,4.0,501.0,75.0,321.0,109.0,202.0,95.0,3.0,11.0,239.0,262.0,100.0,5.0,157.0,10.0,10.0,10.0,4.0,2.0,0.30,23.0,23.0,23.0,7.0,0.0
377,test_ewald_force.cc,7.0,34.0,5.0,48.0,183.0,82.0,2.0,2.0,2.0,1.0,46.0,7.0,34.0,5.0,0.0,4.0,313.0,46.0,140.0,35.0,99.0,78.0,30.0,22.0,115.0,125.0,33.0,0.0,92.0,5.0,5.0,5.0,1.0,2.0,0.56,8.0,8.0,8.0,4.0,0.0
380,TwoStepNVT.cc,4.0,20.0,2.0,46.0,151.0,87.0,3.0,3.0,3.0,1.0,26.0,4.0,19.0,2.0,0.0,7.0,284.0,46.0,131.0,46.0,85.0,86.0,11.0,15.0,76.0,96.0,40.0,0.0,56.0,6.0,6.0,6.0,1.0,1.0,0.66,19.0,19.0,19.0,7.0,0.0
381,test_binary_reader_writer.cc,37.0,144.0,16.0,46.0,167.0,71.0,1.0,1.0,1.0,1.0,197.0,37.0,144.0,16.0,0.0,1.0,284.0,46.0,147.0,37.0,108.0,71.0,3.0,20.0,136.0,140.0,40.0,0.0,100.0,1.0,1.0,1.0,1.0,0.0,0.48,1.0,1.0,1.0,1.0,0.0
382,HOOMDBinaryDumpWriter.cc,6.0,40.0,4.0,66.0,347.0,98.0,6.0,6.0,6.0,1.0,50.0,6.0,39.0,4.0,0.0,8.0,511.0,66.0,316.0,91.0,209.0,98.0,7.0,28.0,235.0,286.0,92.0,0.0,194.0,35.0,35.0,37.0,1.0,2.0,0.31,49.0,49.0,51.0,8.0,0.0
386,PathUtils.cc,8.0,43.0,5.0,15.0,57.0,61.0,2.0,2.0,2.0,1.0,56.0,6.0,13.0,2.0,0.0,1.0,133.0,13.0,13.0,5.0,9.0,58.0,28.0,30.0,9.0,11.0,5.0,0.0,6.0,2.0,2.0,2.0,1.0,1.0,4.46,2.0,2.0,2.0,1.0,0.0
387,Variant.cc,3.0,14.0,3.0,20.0,68.0,71.0,3.0,3.0,4.0,1.0,19.0,3.0,14.0,3.0,0.0,4.0,159.0,20.0,57.0,11.0,39.0,71.0,3.0,11.0,31.0,43.0,13.0,0.0,30.0,7.0,7.0,11.0,4.0,1.0,1.25,10.0,10.0,14.0,7.0,0.0
389,ForceCompute.cc,1.0,13.0,1.0,39.0,218.0,114.0,2.0,2.0,2.0,1.0,15.0,1.0,10.0,1.0,1.0,15.0,371.0,39.0,158.0,46.0,85.0,113.0,36.0,29.0,89.0,117.0,47.0,0.0,70.0,2.0,2.0,4.0,1.0,1.0,0.72,25.0,25.0,28.0,15.0,0.0
390,hoomd.cc,5.0,35.0,4.0,23.0,100.0,71.0,5.0,5.0,5.0,2.0,42.0,5.0,27.0,4.0,0.0,2.0,191.0,23.0,56.0,10.0,34.0,71.0,17.0,32.0,34.0,46.0,13.0,0.0,33.0,5.0,5.0,5.0,3.0,2.0,1.27,9.0,9.0,9.0,4.0,0.0
391,EvaluatorPairMoliere.h,1.0,5.0,1.0,21.0,62.0,95.0,1.0,1.0,2.0,1.0,7.0,1.0,5.0,1.0,1.0,7.0,173.0,21.0,48.0,24.0,22.0,95.0,1.0,14.0,25.0,35.0,23.0,0.0,12.0,3.0,3.0,5.0,1.0,2.0,1.98,9.0,9.0,11.0,7.0,0.0
392,test_particle_group.cc,4.0,25.0,3.0,75.0,367.0,108.0,2.0,2.0,2.0,1.0,32.0,4.0,25.0,3.0,0.0,14.0,549.0,75.0,356.0,120.0,229.0,108.0,2.0,11.0,318.0,350.0,116.0,0.0,234.0,7.0,7.0,7.0,1.0,2.0,0.30,24.0,24.0,24.0,14.0,0.0
393,NeighborListGPUBinned.cc,3.0,22.0,2.0,49.0,228.0,74.0,3.0,3.0,4.0,1.0,28.0,3.0,22.0,2.0,0.0,10.0,351.0,49.0,220.0,41.0,155.0,74.0,1.0,8.0,97.0,132.0,37.0,6.0,89.0,12.0,12.0,13.0,1.0,2.0,0.34,34.0,34.0,43.0,10.0,0.0
396,PDBDumpWriter.cc,4.0,22.0,6.0,37.0,125.0,104.0,3.0,3.0,4.0,1.0,32.0,4.0,22.0,6.0,0.0,5.0,266.0,37.0,111.0,29.0,61.0,104.0,3.0,14.0,62.0,79.0,29.0,0.0,50.0,10.0,10.0,15.0,1.0,2.0,0.94,16.0,16.0,21.0,5.0,0.0
397,FIREEnergyMinimizerRigidGPU.cc,14.0,56.0,2.0,68.0,237.0,71.0,7.0,7.0,8.0,2.0,72.0,14.0,56.0,2.0,0.0,4.0,376.0,68.0,224.0,51.0,141.0,71.0,3.0,13.0,147.0,176.0,47.0,5.0,124.0,23.0,23.0,26.0,5.0,2.0,0.32,29.0,29.0,32.0,8.0,0.0
402,test_harmonic_angle_force.cc,13.0,66.0,13.0,75.0,303.0,110.0,2.0,2.0,2.0,1.0,91.0,13.0,66.0,13.0,0.0,4.0,484.0,71.0,265.0,58.0,208.0,107.0,27.0,21.0,222.0,233.0,60.0,0.0,173.0,6.0,6.0,6.0,1.0,2.0,0.40,9.0,9.0,9.0,4.0,0.0
404,TablePotentialGPU.cc,2.0,16.0,2.0,20.0,79.0,75.0,2.0,2.0,2.0,1.0,21.0,2.0,16.0,2.0,0.0,4.0,174.0,20.0,68.0,19.0,38.0,75.0,3.0,11.0,25.0,35.0,16.0,1.0,18.0,5.0,5.0,5.0,1.0,1.0,1.10,9.0,9.0,9.0,4.0,0.0
405,cached_allocator.h,0.0,0.0,0.0,36.0,87.0,45.0,0.0,0.0,0.0,0.0,0.0,0.0,0.0,0.0,0.0,0.0,167.0,4.0,0.0,0.0,0.0,7.0,152.0,11.0,0.0,0.0,0.0,0.0,0.0,0.0,0.0,0.0,0.0,0.0,0.00,0.0,0.0,0.0,0.0,0.0
408,test_force_shifted_lj.cc,3.0,18.0,0.0,27.0,93.0,62.0,1.0,1.0,1.0,1.0,22.0,3.0,18.0,0.0,0.0,3.0,182.0,27.0,58.0,20.0,36.0,59.0,19.0,22.0,43.0,48.0,20.0,0.0,28.0,1.0,1.0,1.0,1.0,0.0,1.02,3.0,3.0,3.0,3.0,0.0
409,test_temp_rescale_updater.cc,9.0,31.0,7.0,44.0,134.0,82.0,1.0,1.0,1.0,1.0,47.0,9.0,31.0,7.0,0.0,3.0,260.0,41.0,96.0,7.0,77.0,77.0,31.0,19.0,91.0,96.0,9.0,0.0,87.0,1.0,1.0,1.0,1.0,0.0,0.80,3.0,3.0,3.0,3.0,0.0
410,TableAngleForceComputeGPU.cc,3.0,15.0,2.0,20.0,65.0,72.0,2.0,2.0,2.0,1.0,19.0,3.0,15.0,2.0,0.0,4.0,157.0,20.0,61.0,16.0,30.0,72.0,0.0,4.0,21.0,30.0,14.0,1.0,15.0,4.0,4.0,4.0,1.0,1.0,1.18,8.0,8.0,8.0,4.0,0.0
411,SystemDefinition.cc,5.0,28.0,1.0,50.0,207.0,101.0,4.0,4.0,4.0,1.0,34.0,5.0,26.0,1.0,0.0,7.0,358.0,50.0,186.0,31.0,120.0,99.0,10.0,17.0,76.0,107.0,15.0,0.0,92.0,12.0,12.0,12.0,1.0,2.0,0.53,30.0,30.0,31.0,7.0,0.0
412,Messenger.cc,1.0,13.0,1.0,42.0,220.0,113.0,2.0,2.0,2.0,1.0,15.0,0.0,9.0,0.0,0.0,12.0,375.0,25.0,104.0,14.0,58.0,96.0,127.0,24.0,39.0,57.0,14.0,0.0,43.0,4.0,4.0,5.0,1.0,2.0,0.92,19.0,19.0,20.0,12.0,0.0
413,test_constraint_sphere.cc,4.0,18.0,2.0,28.0,95.0,65.0,2.0,2.0,2.0,1.0,23.0,4.0,18.0,2.0,0.0,3.0,188.0,28.0,59.0,22.0,33.0,63.0,18.0,24.0,40.0,47.0,18.0,0.0,29.0,3.0,3.0,3.0,1.0,2.0,1.07,5.0,5.0,5.0,3.0,0.0
414,test_const_external_field_dipole.cc,7.0,33.0,4.0,36.0,123.0,70.0,1.0,1.0,1.0,1.0,43.0,7.0,33.0,4.0,0.0,3.0,226.0,36.0,104.0,23.0,78.0,70.0,3.0,19.0,88.0,93.0,24.0,0.0,69.0,1.0,1.0,1.0,1.0,0.0,0.67,3.0,3.0,3.0,3.0,0.0
415,ConstraintSphereGPU.cc,3.0,18.0,1.0,21.0,68.0,63.0,3.0,3.0,3.0,1.0,22.0,3.0,18.0,1.0,0.0,3.0,152.0,21.0,57.0,17.0,33.0,63.0,3.0,11.0,22.0,31.0,14.0,1.0,16.0,5.0,5.0,5.0,1.0,1.0,1.11,8.0,8.0,8.0,3.0,0.0
417,test_harmonic_bond_force.cc,8.0,55.0,7.0,69.0,370.0,105.0,2.0,2.0,2.0,1.0,70.0,8.0,55.0,7.0,0.0,6.0,544.0,67.0,335.0,73.0,259.0,102.0,23.0,20.0,272.0,285.0,75.0,0.0,210.0,6.0,6.0,6.0,1.0,2.0,0.30,11.0,11.0,11.0,6.0,0.0
418,TwoStepBDNVTGPU.cc,4.0,31.0,3.0,28.0,139.0,82.0,3.0,3.0,3.0,1.0,38.0,4.0,29.0,3.0,0.0,4.0,249.0,28.0,118.0,36.0,73.0,82.0,8.0,17.0,58.0,70.0,30.0,2.0,38.0,5.0,5.0,5.0,1.0,1.0,0.69,12.0,12.0,12.0,4.0,0.0
419,test_cell_list.cc,9.0,51.0,5.0,95.0,440.0,102.0,4.0,4.0,7.0,1.0,65.0,9.0,51.0,5.0,0.0,8.0,637.0,95.0,411.0,62.0,315.0,100.0,13.0,21.0,314.0,345.0,60.0,0.0,285.0,13.0,13.0,41.0,1.0,2.0,0.24,29.0,29.0,57.0,8.0,0.0
420,ExampleUpdater.cc,1.0,8.0,1.0,23.0,52.0,74.0,2.0,2.0,2.0,1.0,9.0,1.0,8.0,1.0,0.0,3.0,148.0,14.0,25.0,7.0,10.0,66.0,37.0,8.0,12.0,18.0,6.0,0.0,12.0,4.0,4.0,4.0,1.0,1.0,2.64,6.0,6.0,6.0,3.0,0.0
422,test_bdnvt_integrator.cc,9.0,44.0,6.0,113.0,460.0,119.0,5.0,5.0,5.0,1.0,59.0,9.0,44.0,6.0,0.0,9.0,690.0,110.0,405.0,118.0,258.0,114.0,41.0,26.0,326.0,377.0,112.0,0.0,265.0,16.0,16.0,16.0,1.0,3.0,0.28,49.0,49.0,49.0,9.0,0.0
423,TwoStepNVTRigid.cc,10.0,39.0,4.0,90.0,284.0,94.0,4.0,4.0,4.0,1.0,53.0,10.0,39.0,4.0,0.0,7.0,467.0,90.0,273.0,66.0,183.0,94.0,3.0,11.0,205.0,232.0,60.0,0.0,172.0,6.0,6.0,6.0,1.0,1.0,0.34,26.0,26.0,26.0,7.0,0.0
424,TwoStepNPTMTK.cc,12.0,53.0,12.0,123.0,496.0,191.0,8.0,8.0,9.0,1.0,71.0,12.0,50.0,11.0,0.0,9.0,760.0,122.0,454.0,160.0,340.0,189.0,33.0,15.0,277.0,325.0,118.0,0.0,207.0,22.0,22.0,27.0,3.0,1.0,0.42,70.0,70.0,80.0,11.0,0.0
425,_kiss_fft_guts.h,0.0,0.0,0.0,25.0,104.0,38.0,0.0,0.0,0.0,0.0,0.0,0.0,0.0,0.0,0.0,0.0,164.0,15.0,6.0,5.0,0.0,34.0,52.0,98.0,5.0,5.0,5.0,0.0,0.0,0.0,0.0,0.0,0.0,0.0,5.67,0.0,0.0,0.0,0.0,0.0
429,test_communication.cc,0.0,0.0,0.0,446.0,1945.0,322.0,0.0,0.0,0.0,0.0,0.0,0.0,0.0,0.0,0.0,0.0,2641.0,1.0,0.0,0.0,0.0,50.0,2589.0,27.0,0.0,0.0,0.0,0.0,0.0,0.0,0.0,0.0,0.0,0.0,0.00,0.0,0.0,0.0,0.0,0.0
430,FIREEnergyMinimizerGPU.cc,10.0,34.0,2.0,61.0,188.0,72.0,5.0,5.0,5.0,1.0,45.0,10.0,34.0,2.0,0.0,5.0,320.0,61.0,172.0,38.0,109.0,72.0,5.0,16.0,95.0,120.0,37.0,5.0,78.0,19.0,19.0,21.0,3.0,2.0,0.42,25.0,25.0,27.0,7.0,0.0
431,TwoStepNVERigid.cc,11.0,40.0,5.0,163.0,534.0,160.0,5.0,5.0,5.0,1.0,56.0,11.0,40.0,5.0,0.0,13.0,854.0,163.0,522.0,179.0,345.0,160.0,3.0,12.0,379.0,447.0,163.0,0.0,284.0,13.0,13.0,13.0,1.0,4.0,0.31,66.0,66.0,66.0,13.0,0.0
432,vmdsock.cc,1.0,12.0,0.0,36.0,161.0,27.0,2.0,2.0,2.0,0.0,13.0,1.0,10.0,0.0,0.0,11.0,220.0,34.0,108.0,37.0,70.0,25.0,20.0,36.0,68.0,86.0,32.0,0.0,54.0,3.0,3.0,3.0,1.0,2.0,0.23,20.0,20.0,22.0,11.0,0.0
437,EvaluatorPairSLJ.h,0.0,6.0,0.0,17.0,65.0,116.0,1.0,1.0,1.0,1.0,6.0,0.0,6.0,0.0,1.0,7.0,192.0,17.0,51.0,26.0,22.0,116.0,1.0,14.0,26.0,35.0,24.0,0.0,11.0,3.0,3.0,4.0,1.0,2.0,2.27,9.0,9.0,10.0,7.0,0.0
438,IntegratorData.cc,2.0,10.0,3.0,6.0,11.0,56.0,2.0,2.0,2.0,1.0,15.0,2.0,10.0,3.0,0.0,1.0,73.0,6.0,10.0,2.0,5.0,56.0,0.0,1.0,4.0,6.0,2.0,0.0,4.0,2.0,2.0,2.0,1.0,1.0,5.60,2.0,2.0,2.0,1.0,0.0
439,Enforce2DUpdaterGPU.cc,2.0,10.0,1.0,16.0,43.0,62.0,2.0,2.0,2.0,1.0,12.0,2.0,10.0,1.0,0.0,3.0,121.0,16.0,32.0,6.0,16.0,62.0,3.0,11.0,14.0,24.0,8.0,1.0,15.0,4.0,4.0,4.0,1.0,1.0,1.94,7.0,7.0,7.0,3.0,0.0
441,EvaluatorBondHarmonicDPD.h,0.0,4.0,0.0,20.0,59.0,92.0,1.0,1.0,1.0,1.0,5.0,0.0,4.0,0.0,1.0,7.0,165.0,20.0,40.0,21.0,14.0,92.0,2.0,19.0,20.0,29.0,18.0,0.0,11.0,3.0,3.0,3.0,1.0,1.0,2.30,9.0,9.0,9.0,7.0,0.0
442,CGCMMForceCompute.cc,6.0,24.0,6.0,55.0,183.0,141.0,3.0,3.0,3.0,1.0,36.0,6.0,24.0,6.0,0.0,7.0,379.0,55.0,173.0,53.0,119.0,141.0,3.0,10.0,129.0,151.0,49.0,0.0,102.0,13.0,13.0,13.0,1.0,5.0,0.82,22.0,22.0,23.0,7.0,0.0
443,CommunicatorGPU.cc,0.0,0.0,0.0,280.0,1186.0,226.0,0.0,0.0,0.0,0.0,0.0,0.0,0.0,0.0,0.0,0.0,1675.0,3.0,0.0,0.0,0.0,54.0,1617.0,33.0,0.0,0.0,0.0,0.0,0.0,0.0,0.0,0.0,0.0,0.0,0.00,0.0,0.0,0.0,0.0,0.0
444,EvaluatorPairEwald.h,0.0,4.0,0.0,18.0,54.0,103.0,1.0,1.0,1.0,1.0,5.0,0.0,4.0,0.0,1.0,7.0,170.0,18.0,40.0,19.0,14.0,103.0,1.0,14.0,18.0,26.0,17.0,0.0,9.0,2.0,2.0,3.0,1.0,1.0,2.58,8.0,8.0,9.0,7.0,0.0
445,TwoStepNVTGPU.cc,5.0,25.0,3.0,31.0,115.0,77.0,3.0,3.0,3.0,1.0,32.0,5.0,23.0,3.0,0.0,4.0,223.0,31.0,93.0,31.0,62.0,76.0,11.0,17.0,42.0,55.0,25.0,2.0,28.0,5.0,5.0,5.0,1.0,1.0,0.82,13.0,13.0,13.0,4.0,0.0
447,EvaluatorConstraintSphere.h,2.0,14.0,2.0,14.0,43.0,77.0,1.0,1.0,1.0,1.0,18.0,2.0,11.0,2.0,1.0,2.0,131.0,14.0,28.0,11.0,11.0,77.0,4.0,12.0,17.0,19.0,9.0,0.0,10.0,1.0,1.0,1.0,1.0,0.0,2.75,2.0,2.0,2.0,2.0,0.0
448,ConstExternalFieldDipoleForceCompute.cc,2.0,10.0,5.0,18.0,50.0,92.0,1.0,1.0,1.0,1.0,17.0,2.0,10.0,5.0,0.0,4.0,160.0,18.0,40.0,15.0,19.0,92.0,3.0,10.0,22.0,28.0,15.0,0.0,13.0,2.0,2.0,2.0,1.0,1.0,2.30,5.0,5.0,5.0,4.0,0.0
449,EvaluatorPairZBL.h,1.0,5.0,1.0,18.0,57.0,93.0,1.0,1.0,1.0,1.0,6.0,1.0,5.0,1.0,1.0,7.0,163.0,18.0,43.0,21.0,19.0,93.0,1.0,14.0,21.0,29.0,19.0,0.0,10.0,2.0,2.0,4.0,1.0,1.0,2.16,8.0,8.0,10.0,7.0,0.0
450,BondTablePotentialGPU.cc,3.0,15.0,2.0,24.0,81.0,74.0,2.0,2.0,2.0,1.0,19.0,3.0,15.0,2.0,0.0,5.0,179.0,24.0,77.0,20.0,38.0,74.0,0.0,4.0,28.0,39.0,18.0,1.0,20.0,5.0,5.0,5.0,1.0,2.0,0.96,10.0,10.0,10.0,5.0,0.0
451,ParticleGroup.cc,3.0,15.0,2.0,100.0,365.0,194.0,2.0,2.0,2.0,1.0,20.0,3.0,15.0,2.0,0.0,22.0,659.0,99.0,322.0,111.0,165.0,192.0,31.0,19.0,151.0,194.0,84.0,0.0,110.0,3.0,3.0,6.0,1.0,2.0,0.60,40.0,40.0,51.0,22.0,0.0
453,test_fenebond_force.cc,11.0,71.0,9.0,62.0,320.0,99.0,3.0,3.0,3.0,1.0,91.0,11.0,71.0,9.0,0.0,4.0,481.0,60.0,285.0,65.0,220.0,96.0,23.0,20.0,239.0,253.0,65.0,0.0,188.0,9.0,9.0,9.0,1.0,3.0,0.34,12.0,12.0,12.0,4.0,0.0
454,RandomGenerator.cc,4.0,19.0,4.0,101.0,378.0,212.0,4.0,4.0,5.0,1.0,26.0,4.0,19.0,4.0,1.0,19.0,689.0,101.0,364.0,109.0,241.0,212.0,3.0,14.0,227.0,300.0,98.0,0.0,202.0,16.0,16.0,26.0,6.0,5.0,0.58,71.0,71.0,90.0,37.0,0.0
456,IMDInterface.cc,2.0,20.0,2.0,67.0,353.0,115.0,3.0,3.0,3.0,1.0,24.0,2.0,18.0,2.0,0.0,17.0,535.0,63.0,304.0,39.0,188.0,114.0,31.0,28.0,150.0,205.0,34.0,0.0,171.0,11.0,10.0,14.0,3.0,3.0,0.38,55.0,49.0,59.0,23.0,0.0
458,test_bd_rigid_updater.cc,24.0,74.0,5.0,65.0,201.0,59.0,7.0,7.0,7.0,1.0,102.0,24.0,74.0,5.0,0.0,2.0,325.0,64.0,169.0,69.0,114.0,59.0,9.0,28.0,138.0,154.0,70.0,0.0,84.0,13.0,13.0,13.0,1.0,4.0,0.35,14.0,14.0,14.0,2.0,0.0
460,test_gpu_array.cc,10.0,43.0,6.0,84.0,273.0,107.0,5.0,5.0,5.0,1.0,59.0,10.0,43.0,6.0,0.0,1.0,464.0,22.0,45.0,14.0,23.0,61.0,320.0,20.0,38.0,45.0,16.0,0.0,29.0,5.0,5.0,5.0,1.0,1.0,1.36,5.0,5.0,5.0,1.0,0.0
463,CGCMMForceComputeGPU.cc,2.0,13.0,2.0,25.0,92.0,116.0,2.0,2.0,2.0,1.0,16.0,2.0,13.0,2.0,0.0,6.0,233.0,25.0,80.0,25.0,42.0,116.0,3.0,12.0,35.0,50.0,24.0,1.0,25.0,5.0,5.0,5.0,1.0,1.0,1.45,12.0,12.0,13.0,6.0,0.0
464,NeighborListBinned.cc,6.0,20.0,3.0,46.0,124.0,72.0,4.0,4.0,5.0,1.0,29.0,6.0,20.0,3.0,0.0,6.0,242.0,46.0,118.0,52.0,75.0,72.0,1.0,6.0,72.0,94.0,48.0,0.0,46.0,15.0,15.0,21.0,1.0,6.0,0.61,21.0,21.0,27.0,6.0,0.0
466,SFCPackUpdater.cc,3.0,19.0,3.0,89.0,380.0,171.0,4.0,3.0,4.0,1.0,25.0,3.0,19.0,2.0,0.0,19.0,640.0,89.0,358.0,109.0,237.0,165.0,14.0,17.0,275.0,348.0,110.0,0.0,238.0,27.0,27.0,27.0,1.0,2.0,0.46,69.0,62.0,70.0,19.0,0.0
467,hoomd.h,0.0,0.0,0.0,12.0,117.0,55.0,0.0,0.0,0.0,0.0,0.0,0.0,0.0,0.0,0.0,0.0,184.0,12.0,0.0,0.0,0.0,54.0,36.0,117.0,0.0,0.0,0.0,0.0,0.0,0.0,0.0,0.0,0.0,0.0,0.00,0.0,0.0,0.0,0.0,0.0
468,HOOMDBinaryInitializer.cc,10.0,53.0,9.0,86.0,395.0,131.0,7.0,7.0,7.0,1.0,71.0,10.0,52.0,9.0,0.0,7.0,612.0,86.0,369.0,68.0,272.0,131.0,6.0,24.0,291.0,343.0,68.0,0.0,275.0,33.0,33.0,33.0,1.0,2.0,0.36,48.0,48.0,48.0,7.0,0.0
470,DihedralData.cc,3.0,22.0,3.0,82.0,400.0,158.0,3.0,3.0,3.0,1.0,27.0,3.0,20.0,3.0,0.0,16.0,630.0,79.0,327.0,86.0,199.0,151.0,63.0,23.0,177.0,221.0,69.0,0.0,152.0,6.0,6.0,13.0,3.0,2.0,0.46,41.0,41.0,50.0,18.0,0.0
472,WallData.cc,0.0,4.0,0.0,4.0,5.0,55.0,1.0,1.0,1.0,1.0,4.0,0.0,4.0,0.0,0.0,1.0,64.0,4.0,4.0,1.0,1.0,55.0,0.0,1.0,1.0,2.0,1.0,0.0,1.0,1.0,1.0,1.0,1.0,0.0,13.75,1.0,1.0,1.0,1.0,0.0
473,TableAngleForceCompute.cc,8.0,27.0,5.0,70.0,193.0,103.0,3.0,3.0,3.0,1.0,39.0,8.0,27.0,5.0,0.0,7.0,365.0,70.0,189.0,63.0,131.0,103.0,0.0,4.0,140.0,162.0,58.0,0.0,104.0,10.0,10.0,10.0,1.0,2.0,0.54,22.0,22.0,23.0,7.0,0.0
474,TwoStepNVE.cc,3.0,18.0,2.0,36.0,139.0,85.0,3.0,3.0,3.0,1.0,24.0,3.0,18.0,2.0,0.0,7.0,260.0,36.0,130.0,35.0,76.0,85.0,3.0,9.0,66.0,91.0,32.0,0.0,59.0,9.0,9.0,9.0,1.0,3.0,0.65,24.0,24.0,24.0,7.0,0.0
475,ConstraintSphere.cc,3.0,17.0,2.0,36.0,135.0,81.0,3.0,3.0,3.0,1.0,22.0,3.0,17.0,2.0,0.0,7.0,252.0,36.0,124.0,47.0,71.0,81.0,3.0,11.0,71.0,89.0,43.0,0.0,46.0,7.0,7.0,12.0,1.0,2.0,0.65,18.0,18.0,23.0,7.0,0.0
476,WorkQueue.h,1.0,9.0,0.0,13.0,62.0,7.0,2.0,2.0,3.0,1.0,10.0,1.0,9.0,0.0,1.0,5.0,81.0,13.0,56.0,15.0,25.0,7.0,0.0,6.0,25.0,35.0,12.0,0.0,23.0,3.0,3.0,4.0,1.0,1.0,0.12,10.0,10.0,13.0,5.0,0.0
482,Logger.cc,2.0,15.0,3.0,44.0,195.0,123.0,3.0,3.0,3.0,1.0,19.0,2.0,13.0,2.0,0.0,12.0,362.0,44.0,161.0,25.0,88.0,120.0,19.0,22.0,70.0,108.0,23.0,0.0,85.0,7.0,7.0,7.0,4.0,2.0,0.75,35.0,35.0,38.0,18.0,0.0
483,FIREEnergyMinimizer.cc,2.0,18.0,0.0,39.0,199.0,97.0,3.0,3.0,3.0,1.0,21.0,2.0,18.0,0.0,0.0,10.0,335.0,39.0,185.0,49.0,98.0,97.0,5.0,14.0,88.0,116.0,34.0,0.0,82.0,12.0,12.0,14.0,4.0,2.0,0.52,27.0,27.0,32.0,13.0,0.0
484,BondData.cc,5.0,29.0,3.0,205.0,783.0,251.0,3.0,3.0,3.0,1.0,37.0,4.0,19.0,3.0,0.0,16.0,1226.0,96.0,304.0,68.0,183.0,150.0,630.0,51.0,156.0,203.0,58.0,0.0,145.0,10.0,10.0,10.0,3.0,2.0,0.49,44.0,44.0,46.0,18.0,0.0
485,test_morse_force.cc,6.0,32.0,5.0,42.0,176.0,82.0,2.0,2.0,2.0,1.0,43.0,6.0,32.0,5.0,0.0,4.0,300.0,40.0,133.0,47.0,88.0,78.0,30.0,22.0,112.0,122.0,45.0,0.0,77.0,5.0,5.0,5.0,1.0,2.0,0.59,8.0,8.0,8.0,4.0,0.0
486,DomainDecomposition.cc,0.0,0.0,0.0,44.0,152.0,82.0,0.0,0.0,0.0,0.0,0.0,0.0,0.0,0.0,0.0,0.0,277.0,3.0,0.0,0.0,0.0,54.0,219.0,7.0,0.0,0.0,0.0,0.0,0.0,0.0,0.0,0.0,0.0,0.0,0.00,0.0,0.0,0.0,0.0,0.0
487,EvaluatorPairGauss.h,0.0,4.0,0.0,17.0,54.0,108.0,1.0,1.0,1.0,1.0,5.0,0.0,4.0,0.0,1.0,7.0,174.0,17.0,40.0,18.0,14.0,108.0,1.0,14.0,17.0,26.0,16.0,0.0,10.0,3.0,3.0,3.0,1.0,2.0,2.70,9.0,9.0,9.0,7.0,0.0
489,test_nvt_integrator.cc,7.0,30.0,3.0,50.0,1175.0,77.0,2.0,2.0,2.0,1.0,39.0,7.0,30.0,3.0,0.0,4.0,1302.0,48.0,1129.0,1068.0,1065.0,74.0,28.0,27.0,100.0,109.0,60.0,0.0,49.0,3.0,3.0,3.0,1.0,2.0,0.07,7.0,7.0,7.0,4.0,0.0
490,kiss_fft.cc,3.0,26.0,2.0,57.0,310.0,46.0,7.0,6.0,7.0,1.0,30.0,3.0,24.0,1.0,0.0,12.0,408.0,55.0,292.0,86.0,185.0,42.0,21.0,4.0,276.0,317.0,50.0,15.0,252.0,14.0,14.0,14.0,3.0,4.0,0.14,78.0,74.0,79.0,14.0,0.0
491,test_external_periodic.cc,3.0,18.0,2.0,35.0,144.0,83.0,1.0,1.0,1.0,1.0,23.0,3.0,18.0,2.0,0.0,3.0,262.0,25.0,57.0,14.0,41.0,64.0,96.0,23.0,40.0,45.0,16.0,0.0,29.0,1.0,1.0,1.0,1.0,0.0,1.12,3.0,3.0,3.0,3.0,0.0
492,ComputeThermoGPU.cc,6.0,29.0,4.0,32.0,105.0,70.0,3.0,3.0,3.0,1.0,38.0,5.0,25.0,3.0,0.0,3.0,205.0,29.0,77.0,22.0,48.0,69.0,19.0,18.0,49.0,60.0,21.0,1.0,38.0,5.0,5.0,5.0,1.0,1.0,0.90,8.0,8.0,8.0,3.0,0.0
494,test_bondtable_bond_force.cc,6.0,30.0,3.0,57.0,189.0,81.0,1.0,1.0,1.0,1.0,40.0,6.0,30.0,3.0,0.0,5.0,327.0,55.0,154.0,32.0,110.0,78.0,23.0,21.0,121.0,128.0,34.0,0.0,94.0,1.0,1.0,1.0,1.0,0.0,0.51,5.0,5.0,5.0,5.0,0.0
495,HarmonicAngleForceComputeGPU.cc,2.0,11.0,1.0,21.0,63.0,75.0,2.0,2.0,2.0,1.0,14.0,2.0,11.0,1.0,0.0,5.0,159.0,21.0,56.0,16.0,27.0,75.0,2.0,7.0,23.0,35.0,17.0,1.0,17.0,4.0,4.0,4.0,1.0,1.0,1.34,9.0,9.0,9.0,5.0,0.0
502,HOOMDMath.cc,3.0,91.0,0.0,10.0,101.0,53.0,1.0,1.0,1.0,1.0,94.0,3.0,73.0,0.0,0.0,1.0,164.0,10.0,74.0,1.0,70.0,53.0,18.0,12.0,23.0,25.0,2.0,0.0,23.0,1.0,1.0,1.0,1.0,0.0,0.72,1.0,1.0,1.0,1.0,0.0
503,NeighborListGPU.cc,6.0,32.0,3.0,49.0,202.0,80.0,4.0,4.0,5.0,1.0,41.0,6.0,26.0,3.0,0.0,6.0,331.0,49.0,156.0,40.0,108.0,78.0,34.0,15.0,75.0,100.0,42.0,2.0,56.0,9.0,9.0,11.0,1.0,1.0,0.50,26.0,26.0,31.0,6.0,0.0
505,test_zero_momentum_updater.cc,13.0,44.0,9.0,38.0,103.0,73.0,2.0,2.0,2.0,1.0,66.0,13.0,44.0,9.0,0.0,2.0,214.0,38.0,90.0,21.0,71.0,73.0,3.0,13.0,82.0,88.0,23.0,0.0,65.0,2.0,2.0,2.0,1.0,1.0,0.81,4.0,4.0,4.0,2.0,0.0
506,ExecutionConfiguration.cc,4.0,24.0,2.0,111.0,476.0,159.0,2.0,2.0,2.0,1.0,30.0,3.0,11.0,0.0,0.0,7.0,744.0,41.0,82.0,24.0,34.0,74.0,490.0,64.0,30.0,47.0,12.0,0.0,35.0,3.0,3.0,3.0,3.0,2.0,0.90,13.0,13.0,13.0,9.0,0.0
507,kiss_fftnd.cc,7.0,39.0,12.0,19.0,86.0,101.0,7.0,7.0,7.0,1.0,53.0,7.0,39.0,12.0,0.0,2.0,195.0,19.0,84.0,20.0,59.0,101.0,0.0,2.0,60.0,73.0,20.0,0.0,53.0,7.0,7.0,7.0,1.0,2.0,1.20,13.0,13.0,13.0,2.0,0.0
509,LJWallForceCompute.cc,4.0,16.0,4.0,41.0,127.0,99.0,2.0,2.0,2.0,1.0,24.0,4.0,16.0,4.0,0.0,7.0,267.0,41.0,116.0,40.0,74.0,99.0,3.0,11.0,70.0,85.0,35.0,0.0,50.0,6.0,6.0,6.0,1.0,3.0,0.85,15.0,15.0,15.0,7.0,0.0
510,test_index1d.cc,0.0,12.0,0.0,21.0,132.0,64.0,1.0,1.0,1.0,1.0,12.0,0.0,12.0,0.0,0.0,10.0,217.0,21.0,121.0,25.0,75.0,64.0,3.0,11.0,91.0,107.0,27.0,0.0,80.0,3.0,3.0,3.0,1.0,2.0,0.53,14.0,14.0,14.0,10.0,0.0
