index,File,AltAvgLineBlank,AltAvgLineCode,AltAvgLineComment,AltCountLineBlank,AltCountLineCode,AltCountLineComment,AvgCyclomatic,AvgCyclomaticModified,AvgCyclomaticStrict,AvgEssential,AvgLine,AvgLineBlank,AvgLineCode,AvgLineComment,CountDeclClass,CountDeclFunction,CountLine,CountLineBlank,CountLineCode,CountLineCodeDecl,CountLineCodeExe,CountLineComment,CountLineInactive,CountLinePreprocessor,CountSemicolon,CountStmt,CountStmtDecl,CountStmtEmpty,CountStmtExe,MaxCyclomatic,MaxCyclomaticModified,MaxCyclomaticStrict,MaxEssential,MaxNesting,RatioCommentToCode,SumCyclomatic,SumCyclomaticModified,SumCyclomaticStrict,SumEssential,keyword_bugs,fastread_bugs
0,ParticleData.h,0.0,3.0,0.0,178.0,441.0,562.0,1.0,1.0,1.0,1.0,3.0,0.0,3.0,0.0,1.0,65.0,1097.0,172.0,361.0,257.0,92.0,520.0,76.0,52.0,252.0,321.0,234.0,0.0,87.0,3.0,3.0,3.0,1.0,2.0,1.44,69.0,69.0,70.0,65.0,237.0,172
1,Analyzer.h,0.0,3.0,0.0,22.0,46.0,115.0,1.0,1.0,1.0,1.0,3.0,0.0,3.0,0.0,1.0,5.0,178.0,22.0,27.0,14.0,2.0,111.0,9.0,14.0,11.0,15.0,14.0,0.0,1.0,1.0,1.0,1.0,1.0,0.0,4.11,5.0,5.0,5.0,5.0,112.0,81
3,GPUArray.h,3.0,22.0,3.0,151.0,739.0,411.0,2.0,2.0,2.0,1.0,28.0,2.0,11.0,2.0,2.0,25.0,1273.0,118.0,348.0,122.0,161.0,312.0,419.0,93.0,170.0,222.0,76.0,2.0,144.0,7.0,7.0,7.0,4.0,3.0,0.9,57.0,57.0,60.0,28.0,123.0,87
4,GPUVector.h,0.0,6.0,0.0,56.0,175.0,147.0,1.0,1.0,1.0,1.0,6.0,0.0,6.0,0.0,2.0,21.0,374.0,54.0,148.0,57.0,49.0,137.0,24.0,16.0,64.0,91.0,49.0,0.0,42.0,4.0,4.0,4.0,1.0,2.0,0.93,28.0,28.0,28.0,21.0,89.0,63
5,ExecutionConfiguration.h,0.0,5.0,0.0,49.0,146.0,121.0,1.0,1.0,1.0,1.0,5.0,0.0,4.0,0.0,0.0,4.0,300.0,31.0,44.0,29.0,10.0,91.0,109.0,38.0,19.0,23.0,19.0,0.0,4.0,1.0,1.0,1.0,1.0,0.0,2.07,4.0,4.0,4.0,4.0,112.0,80
7,BoxDim.h,0.0,10.0,0.0,56.0,351.0,225.0,2.0,2.0,2.0,1.0,10.0,0.0,9.0,0.0,1.0,32.0,623.0,54.0,303.0,60.0,152.0,224.0,34.0,19.0,132.0,189.0,61.0,0.0,128.0,12.0,12.0,24.0,4.0,2.0,0.74,59.0,59.0,71.0,35.0,105.0,81
14,Index1D.h,0.0,4.0,0.0,27.0,98.0,128.0,1.0,1.0,1.0,1.0,4.0,0.0,4.0,0.0,3.0,17.0,246.0,27.0,88.0,30.0,23.0,128.0,1.0,10.0,30.0,48.0,29.0,0.0,19.0,2.0,2.0,2.0,1.0,1.0,1.45,18.0,18.0,18.0,17.0,57.0,42
15,DomainDecomposition.h,0.0,0.0,0.0,28.0,67.0,105.0,0.0,0.0,0.0,0.0,0.0,0.0,0.0,0.0,1.0,0.0,183.0,10.0,3.0,1.0,0.0,67.0,92.0,13.0,1.0,1.0,1.0,0.0,0.0,0.0,0.0,0.0,0.0,0.0,22.33,0.0,0.0,0.0,0.0,119.0,82
21,ConstExternalFieldDipoleForceCompute.h,0.0,0.0,0.0,12.0,19.0,60.0,0.0,0.0,0.0,0.0,0.0,0.0,0.0,0.0,1.0,0.0,90.0,12.0,11.0,6.0,0.0,60.0,1.0,8.0,6.0,6.0,6.0,0.0,0.0,0.0,0.0,0.0,0.0,0.0,5.45,0.0,0.0,0.0,0.0,100.0,72
22,ForceCompute.h,0.0,4.0,0.0,36.0,79.0,113.0,1.0,1.0,1.0,1.0,4.0,0.0,4.0,0.0,1.0,6.0,221.0,36.0,52.0,29.0,8.0,107.0,16.0,20.0,30.0,36.0,29.0,0.0,7.0,1.0,1.0,1.0,1.0,0.0,2.06,6.0,6.0,6.0,6.0,149.0,106
23,TwoStepNPHRigid.cc,14.0,46.0,6.0,114.0,324.0,112.0,4.0,4.0,4.0,1.0,65.0,14.0,46.0,6.0,0.0,7.0,547.0,114.0,320.0,81.0,230.0,112.0,0.0,4.0,242.0,272.0,74.0,0.0,198.0,10.0,10.0,10.0,1.0,2.0,0.35,31.0,31.0,31.0,7.0,32.0,25
24,QuaternionMath.h,2.0,15.0,1.0,55.0,260.0,186.0,2.0,2.0,2.0,1.0,18.0,2.0,15.0,1.0,0.0,17.0,501.0,55.0,251.0,60.0,164.0,186.0,1.0,9.0,185.0,211.0,47.0,0.0,164.0,8.0,8.0,8.0,1.0,1.0,0.74,27.0,27.0,27.0,17.0,62.0,47
25,TwoStepNPHRigid.h,0.0,0.0,0.0,12.0,27.0,66.0,0.0,0.0,0.0,0.0,0.0,0.0,0.0,0.0,1.0,0.0,104.0,12.0,18.0,14.0,1.0,66.0,1.0,9.0,8.0,8.0,8.0,0.0,0.0,0.0,0.0,0.0,0.0,0.0,3.67,0.0,0.0,0.0,0.0,31.0,24
30,Messenger.h,0.0,4.0,0.0,64.0,179.0,231.0,1.0,1.0,1.0,1.0,5.0,0.0,4.0,0.0,1.0,14.0,451.0,44.0,89.0,42.0,15.0,199.0,110.0,26.0,43.0,57.0,42.0,0.0,15.0,2.0,2.0,2.0,1.0,0.0,2.24,15.0,15.0,15.0,14.0,102.0,73
31,format.h,0.0,4.0,0.0,26.0,86.0,37.0,1.0,1.0,1.0,1.0,4.0,0.0,4.0,0.0,0.0,14.0,148.0,26.0,80.0,44.0,25.0,37.0,0.0,6.0,37.0,54.0,31.0,0.0,23.0,3.0,3.0,3.0,1.0,2.0,0.46,18.0,18.0,18.0,14.0,7.0,6
32,static.h,0.0,0.0,0.0,27.0,116.0,42.0,0.0,0.0,0.0,0.0,0.0,0.0,0.0,0.0,0.0,0.0,183.0,27.0,89.0,70.0,0.0,42.0,0.0,27.0,56.0,57.0,57.0,0.0,0.0,0.0,0.0,0.0,0.0,0.0,0.47,0.0,0.0,0.0,0.0,7.0,6
35,Autotuner.cc,4.0,35.0,6.0,44.0,256.0,111.0,5.0,5.0,5.0,1.0,45.0,4.0,26.0,5.0,0.0,7.0,411.0,43.0,186.0,37.0,98.0,108.0,50.0,25.0,79.0,114.0,21.0,0.0,93.0,11.0,11.0,11.0,1.0,5.0,0.58,33.0,33.0,33.0,7.0,91.0,64
36,Autotuner.h,0.0,8.0,0.0,30.0,107.0,137.0,2.0,2.0,2.0,1.0,8.0,0.0,8.0,0.0,1.0,6.0,253.0,30.0,94.0,50.0,20.0,135.0,3.0,11.0,39.0,48.0,31.0,0.0,17.0,3.0,3.0,3.0,1.0,2.0,1.44,9.0,9.0,9.0,6.0,93.0,66
37,HOOMDMPI.h,0.0,0.0,0.0,65.0,246.0,95.0,0.0,0.0,0.0,0.0,0.0,0.0,0.0,0.0,0.0,0.0,404.0,4.0,0.0,0.0,0.0,59.0,338.0,18.0,0.0,0.0,0.0,0.0,0.0,0.0,0.0,0.0,0.0,0.0,0.0,0.0,0.0,0.0,0.0,122.0,96
41,BondedGroupData.h,0.0,5.0,0.0,126.0,446.0,289.0,1.0,1.0,1.0,1.0,5.0,0.0,5.0,0.0,1.0,45.0,812.0,124.0,334.0,152.0,86.0,263.0,87.0,46.0,157.0,207.0,135.0,0.0,72.0,2.0,2.0,2.0,1.0,1.0,0.79,49.0,49.0,49.0,45.0,164.0,116
42,Profiler.h,2.0,10.0,2.0,45.0,118.0,125.0,1.0,1.0,1.0,1.0,15.0,2.0,6.0,2.0,2.0,5.0,278.0,45.0,69.0,44.0,18.0,121.0,18.0,39.0,42.0,47.0,36.0,0.0,11.0,1.0,1.0,1.0,1.0,0.0,1.75,5.0,5.0,5.0,5.0,99.0,69
43,CachedAllocator.h,0.0,0.0,0.0,47.0,133.0,91.0,0.0,0.0,0.0,0.0,0.0,0.0,0.0,0.0,0.0,0.0,269.0,5.0,0.0,0.0,0.0,56.0,203.0,12.0,0.0,0.0,0.0,0.0,0.0,0.0,0.0,0.0,0.0,0.0,0.0,0.0,0.0,0.0,0.0,82.0,63
48,test_fire_energy_minimizer.cc,5.0,27.0,2.0,54.0,459.0,67.0,3.0,3.0,3.0,2.0,33.0,5.0,27.0,2.0,0.0,6.0,580.0,53.0,430.0,337.0,380.0,64.0,17.0,17.0,132.0,152.0,73.0,0.0,79.0,7.0,7.0,7.0,4.0,3.0,0.15,18.0,18.0,18.0,13.0,130.0,89
49,FIREEnergyMinimizer.h,0.0,2.0,0.0,26.0,53.0,103.0,1.0,1.0,1.0,1.0,2.0,0.0,2.0,0.0,1.0,7.0,164.0,26.0,45.0,36.0,9.0,103.0,1.0,8.0,37.0,44.0,36.0,0.0,8.0,1.0,1.0,1.0,1.0,0.0,2.29,7.0,7.0,7.0,7.0,100.0,71
50,FIREEnergyMinimizerGPU.h,0.0,1.0,0.0,15.0,28.0,72.0,1.0,1.0,1.0,1.0,1.0,0.0,1.0,0.0,1.0,1.0,106.0,15.0,20.0,15.0,0.0,72.0,1.0,8.0,14.0,15.0,15.0,0.0,0.0,1.0,1.0,1.0,1.0,0.0,3.6,1.0,1.0,1.0,1.0,100.0,71
51,AllPairPotentials.h,0.0,0.0,0.0,12.0,56.0,81.0,0.0,0.0,0.0,0.0,0.0,0.0,0.0,0.0,0.0,0.0,148.0,11.0,14.0,14.0,0.0,67.0,34.0,28.0,14.0,14.0,14.0,0.0,0.0,0.0,0.0,0.0,0.0,0.0,4.79,0.0,0.0,0.0,0.0,71.0,54
52,NeighborList.h,0.0,5.0,0.0,81.0,213.0,268.0,1.0,1.0,1.0,1.0,5.0,0.0,5.0,0.0,1.0,22.0,521.0,80.0,179.0,98.0,32.0,258.0,21.0,23.0,101.0,125.0,95.0,0.0,30.0,2.0,2.0,2.0,1.0,1.0,1.44,23.0,23.0,24.0,22.0,159.0,109
53,ComputeThermo.h,1.0,12.0,1.0,31.0,122.0,115.0,1.0,1.0,1.0,1.0,14.0,1.0,10.0,1.0,1.0,7.0,263.0,30.0,88.0,31.0,31.0,113.0,11.0,26.0,43.0,53.0,29.0,0.0,24.0,2.0,2.0,2.0,1.0,1.0,1.28,10.0,10.0,10.0,7.0,118.0,82
54,boost_utf_configure.h,0.0,0.0,0.0,15.0,22.0,81.0,0.0,0.0,0.0,0.0,0.0,0.0,0.0,0.0,0.0,0.0,118.0,15.0,3.0,3.0,3.0,81.0,1.0,19.0,3.0,3.0,3.0,0.0,0.0,0.0,0.0,0.0,0.0,0.0,27.0,0.0,0.0,0.0,0.0,166.0,124
55,test_nvt_integrator_mpi.cc,19.0,83.0,8.0,47.0,196.0,66.0,12.0,12.0,12.0,1.0,109.0,19.0,76.0,8.0,0.0,2.0,309.0,47.0,153.0,48.0,104.0,65.0,20.0,29.0,105.0,130.0,49.0,0.0,81.0,23.0,23.0,23.0,1.0,5.0,0.42,24.0,24.0,24.0,2.0,37.0,28
56,System.h,0.0,8.0,0.0,81.0,224.0,225.0,2.0,2.0,2.0,1.0,9.0,0.0,8.0,0.0,1.0,14.0,495.0,79.0,196.0,92.0,54.0,220.0,14.0,21.0,108.0,130.0,84.0,0.0,46.0,5.0,5.0,5.0,1.0,3.0,1.12,22.0,22.0,22.0,14.0,116.0,83
57,TwoStepNVT.h,0.0,5.0,0.0,19.0,50.0,88.0,1.0,1.0,1.0,1.0,5.0,0.0,5.0,0.0,1.0,3.0,150.0,19.0,37.0,23.0,7.0,86.0,3.0,11.0,19.0,22.0,18.0,0.0,4.0,1.0,1.0,1.0,1.0,0.0,2.32,3.0,3.0,3.0,3.0,41.0,31
58,IntegratorTwoStep.h,0.0,0.0,0.0,24.0,35.0,90.0,0.0,0.0,0.0,0.0,0.0,0.0,0.0,0.0,1.0,0.0,144.0,24.0,24.0,20.0,0.0,87.0,5.0,10.0,20.0,20.0,20.0,0.0,0.0,0.0,0.0,0.0,0.0,0.0,3.62,0.0,0.0,0.0,0.0,137.0,95
59,NeighborListBinned.h,0.0,0.0,0.0,13.0,23.0,64.0,0.0,0.0,0.0,0.0,0.0,0.0,0.0,0.0,1.0,0.0,99.0,13.0,15.0,11.0,1.0,64.0,1.0,8.0,8.0,8.0,8.0,0.0,0.0,0.0,0.0,0.0,0.0,0.0,4.27,0.0,0.0,0.0,0.0,117.0,82
60,RandomGenerator.h,0.0,2.0,0.0,40.0,124.0,186.0,1.0,1.0,1.0,1.0,2.0,0.0,2.0,0.0,4.0,8.0,311.0,40.0,111.0,84.0,5.0,186.0,1.0,13.0,66.0,74.0,72.0,0.0,2.0,1.0,1.0,1.0,1.0,0.0,1.68,8.0,8.0,8.0,8.0,107.0,74
62,Communicator.h,0.0,0.0,0.0,107.0,318.0,370.0,0.0,0.0,0.0,0.0,0.0,0.0,0.0,0.0,0.0,0.0,724.0,3.0,0.0,0.0,0.0,53.0,667.0,19.0,0.0,0.0,0.0,0.0,0.0,0.0,0.0,0.0,0.0,0.0,0.0,0.0,0.0,0.0,0.0,212.0,152
63,CellListGPU.h,0.0,4.0,0.0,13.0,25.0,66.0,1.0,1.0,1.0,1.0,4.0,0.0,4.0,0.0,1.0,2.0,102.0,13.0,17.0,8.0,3.0,66.0,1.0,8.0,10.0,11.0,8.0,0.0,3.0,1.0,1.0,1.0,1.0,0.0,3.88,2.0,2.0,2.0,2.0,131.0,95
64,NeighborListGPUBinned.h,0.0,5.0,0.0,21.0,47.0,84.0,1.0,1.0,1.0,1.0,5.0,0.0,5.0,0.0,1.0,2.0,142.0,21.0,38.0,26.0,5.0,84.0,1.0,9.0,25.0,27.0,23.0,0.0,4.0,1.0,1.0,1.0,1.0,0.0,2.21,2.0,2.0,2.0,2.0,137.0,95
65,TwoStepNVTGPU.h,0.0,5.0,0.0,14.0,34.0,73.0,1.0,1.0,1.0,1.0,5.0,0.0,5.0,0.0,1.0,2.0,117.0,14.0,26.0,15.0,6.0,73.0,1.0,8.0,14.0,15.0,10.0,0.0,5.0,1.0,1.0,1.0,1.0,0.0,2.81,2.0,2.0,2.0,2.0,21.0,18
66,ComputeThermoGPU.h,0.0,0.0,0.0,11.0,26.0,65.0,0.0,0.0,0.0,0.0,0.0,0.0,0.0,0.0,1.0,0.0,97.0,11.0,16.0,12.0,1.0,64.0,3.0,9.0,10.0,10.0,10.0,0.0,0.0,0.0,0.0,0.0,0.0,0.0,4.0,0.0,0.0,0.0,0.0,113.0,79
67,CommunicatorGPU.h,0.0,0.0,0.0,59.0,126.0,178.0,0.0,0.0,0.0,0.0,0.0,0.0,0.0,0.0,0.0,0.0,293.0,4.0,0.0,0.0,0.0,54.0,232.0,13.0,0.0,0.0,0.0,0.0,0.0,0.0,0.0,0.0,0.0,0.0,0.0,0.0,0.0,0.0,0.0,155.0,116
68,TwoStepBDNVT.cc,4.0,20.0,3.0,45.0,168.0,93.0,3.0,3.0,3.0,1.0,27.0,4.0,19.0,3.0,0.0,8.0,306.0,45.0,153.0,49.0,92.0,93.0,6.0,10.0,84.0,110.0,43.0,0.0,67.0,11.0,11.0,11.0,1.0,3.0,0.61,25.0,25.0,26.0,8.0,17.0,11
69,TwoStepBDNVT.h,0.0,4.0,0.0,18.0,45.0,84.0,1.0,1.0,1.0,1.0,4.0,0.0,4.0,0.0,1.0,2.0,138.0,18.0,36.0,25.0,3.0,84.0,1.0,9.0,20.0,22.0,20.0,0.0,2.0,1.0,1.0,1.0,1.0,0.0,2.33,2.0,2.0,2.0,2.0,16.0,11
70,System.cc,3.0,17.0,3.0,136.0,557.0,264.0,3.0,3.0,3.0,1.0,22.0,3.0,14.0,2.0,0.0,32.0,956.0,133.0,462.0,92.0,270.0,248.0,81.0,34.0,235.0,337.0,89.0,1.0,247.0,27.0,27.0,32.0,12.0,4.0,0.54,100.0,100.0,105.0,47.0,124.0,84
71,SignalHandler.h,0.0,0.0,0.0,8.0,9.0,57.0,0.0,0.0,0.0,0.0,0.0,0.0,0.0,0.0,0.0,0.0,74.0,8.0,2.0,1.0,0.0,57.0,1.0,7.0,2.0,1.0,1.0,0.0,0.0,0.0,0.0,0.0,0.0,0.0,28.5,0.0,0.0,0.0,0.0,55.0,41
74,ForceConstraint.cc,0.0,4.0,0.0,10.0,17.0,57.0,1.0,1.0,1.0,1.0,4.0,0.0,4.0,0.0,0.0,3.0,84.0,10.0,15.0,5.0,3.0,57.0,0.0,2.0,3.0,8.0,5.0,0.0,3.0,1.0,1.0,1.0,1.0,0.0,3.8,3.0,3.0,3.0,3.0,89.0,63
75,ForceConstraint.h,0.0,4.0,0.0,12.0,20.0,62.0,1.0,1.0,1.0,1.0,4.0,0.0,4.0,0.0,1.0,1.0,94.0,12.0,12.0,5.0,1.0,62.0,1.0,8.0,5.0,6.0,5.0,0.0,1.0,1.0,1.0,1.0,1.0,0.0,5.17,1.0,1.0,1.0,1.0,93.0,66
76,EvaluatorPairMorse.h,0.0,4.0,0.0,17.0,56.0,106.0,1.0,1.0,1.0,1.0,5.0,0.0,4.0,0.0,1.0,7.0,173.0,17.0,42.0,20.0,15.0,106.0,1.0,14.0,19.0,28.0,18.0,0.0,10.0,3.0,3.0,3.0,1.0,2.0,2.52,9.0,9.0,9.0,7.0,62.0,47
77,BondTablePotential.h,0.0,0.0,0.0,16.0,43.0,95.0,0.0,0.0,0.0,0.0,0.0,0.0,0.0,0.0,1.0,0.0,148.0,16.0,24.0,20.0,1.0,92.0,11.0,12.0,14.0,14.0,14.0,0.0,0.0,0.0,0.0,0.0,0.0,0.0,3.83,0.0,0.0,0.0,0.0,100.0,72
78,VectorMath.h,0.0,5.0,0.0,118.0,529.0,630.0,1.0,1.0,1.0,1.0,5.0,0.0,5.0,0.0,0.0,84.0,1264.0,118.0,518.0,197.0,172.0,630.0,1.0,11.0,155.0,239.0,111.0,0.0,128.0,1.0,1.0,3.0,1.0,0.0,1.22,84.0,84.0,90.0,84.0,133.0,95
79,cudacpu_host_defines.h,0.0,0.0,0.0,40.0,107.0,72.0,0.0,0.0,0.0,0.0,0.0,0.0,0.0,0.0,0.0,0.0,203.0,19.0,0.0,0.0,0.0,55.0,84.0,107.0,0.0,0.0,0.0,0.0,0.0,0.0,0.0,0.0,0.0,0.0,0.0,0.0,0.0,0.0,0.0,7.0,6
80,nvt_rigid_updater_test.cc,20.0,66.0,5.0,58.0,176.0,76.0,6.0,6.0,6.0,1.0,91.0,20.0,65.0,5.0,0.0,2.0,310.0,56.0,134.0,56.0,96.0,74.0,19.0,29.0,109.0,123.0,57.0,0.0,66.0,11.0,11.0,11.0,1.0,4.0,0.55,12.0,12.0,12.0,2.0,18.0,16
81,TwoStepNVTRigid.h,0.0,0.0,0.0,17.0,30.0,75.0,0.0,0.0,0.0,0.0,0.0,0.0,0.0,0.0,1.0,0.0,122.0,17.0,21.0,17.0,1.0,75.0,1.0,9.0,11.0,11.0,11.0,0.0,0.0,0.0,0.0,0.0,0.0,0.0,3.57,0.0,0.0,0.0,0.0,31.0,24
82,TwoStepNVTRigidGPU.h,0.0,1.0,0.0,13.0,27.0,66.0,1.0,1.0,1.0,1.0,1.0,0.0,1.0,0.0,1.0,1.0,101.0,13.0,20.0,16.0,1.0,66.0,1.0,7.0,10.0,10.0,10.0,0.0,0.0,1.0,1.0,1.0,1.0,0.0,3.3,1.0,1.0,1.0,1.0,31.0,24
84,Initializers.h,0.0,1.0,0.0,20.0,47.0,91.0,1.0,1.0,1.0,1.0,1.0,0.0,1.0,0.0,3.0,2.0,147.0,20.0,40.0,28.0,0.0,91.0,1.0,7.0,26.0,28.0,28.0,0.0,0.0,1.0,1.0,1.0,1.0,0.0,2.27,2.0,2.0,2.0,2.0,105.0,71
86,saruprng.h,0.0,6.0,1.0,79.0,238.0,128.0,1.0,1.0,1.0,1.0,6.0,0.0,6.0,1.0,1.0,30.0,430.0,79.0,232.0,106.0,103.0,128.0,1.0,6.0,131.0,165.0,87.0,0.0,78.0,6.0,6.0,6.0,1.0,3.0,0.55,37.0,37.0,37.0,30.0,11.0,10
87,SnapshotSystemData.h,1.0,12.0,1.0,14.0,48.0,98.0,1.0,1.0,1.0,1.0,14.0,1.0,12.0,1.0,0.0,1.0,142.0,14.0,36.0,24.0,9.0,98.0,1.0,12.0,31.0,32.0,23.0,0.0,9.0,1.0,1.0,1.0,1.0,0.0,2.72,1.0,1.0,1.0,1.0,153.0,110
89,PPPMForceComputeGPU.h,0.0,4.0,0.0,15.0,31.0,76.0,1.0,1.0,1.0,1.0,4.0,0.0,4.0,0.0,1.0,1.0,119.0,15.0,19.0,12.0,1.0,76.0,1.0,12.0,10.0,11.0,10.0,0.0,1.0,1.0,1.0,1.0,1.0,0.0,4.0,1.0,1.0,1.0,1.0,119.0,86
90,PPPMForceCompute.h,0.0,4.0,0.0,27.0,98.0,121.0,1.0,1.0,1.0,1.0,4.0,0.0,4.0,0.0,1.0,1.0,206.0,27.0,68.0,61.0,1.0,121.0,4.0,30.0,59.0,61.0,60.0,0.0,1.0,1.0,1.0,1.0,1.0,0.0,1.78,1.0,1.0,1.0,1.0,132.0,94
93,GPUFlags.h,1.0,18.0,2.0,44.0,251.0,147.0,1.0,1.0,1.0,1.0,21.0,1.0,7.0,2.0,1.0,12.0,437.0,44.0,100.0,38.0,34.0,138.0,116.0,54.0,44.0,59.0,26.0,0.0,33.0,2.0,2.0,2.0,1.0,1.0,1.38,16.0,16.0,16.0,12.0,93.0,66
94,TwoStepNPTRigid.cc,14.0,53.0,6.0,114.0,376.0,115.0,5.0,5.0,5.0,1.0,73.0,14.0,53.0,6.0,0.0,7.0,602.0,114.0,372.0,84.0,276.0,115.0,0.0,4.0,286.0,318.0,75.0,0.0,243.0,11.0,11.0,11.0,1.0,2.0,0.31,33.0,33.0,33.0,7.0,32.0,25
95,TwoStepNPTRigid.h,0.0,0.0,0.0,12.0,29.0,66.0,0.0,0.0,0.0,0.0,0.0,0.0,0.0,0.0,1.0,0.0,106.0,12.0,20.0,16.0,1.0,66.0,1.0,9.0,8.0,8.0,8.0,0.0,0.0,0.0,0.0,0.0,0.0,0.0,3.3,0.0,0.0,0.0,0.0,31.0,24
96,test_nvt_mtk_integrator.cc,10.0,40.0,3.0,61.0,207.0,73.0,3.0,3.0,3.0,1.0,53.0,10.0,40.0,3.0,0.0,4.0,341.0,59.0,167.0,84.0,100.0,70.0,25.0,21.0,139.0,151.0,78.0,1.0,72.0,5.0,5.0,5.0,1.0,2.0,0.42,10.0,10.0,10.0,4.0,143.0,96
97,ConstForceCompute.h,0.0,0.0,0.0,19.0,28.0,67.0,0.0,0.0,0.0,0.0,0.0,0.0,0.0,0.0,1.0,0.0,111.0,19.0,19.0,14.0,0.0,67.0,1.0,9.0,14.0,14.0,14.0,0.0,0.0,0.0,0.0,0.0,0.0,0.0,3.53,0.0,0.0,0.0,0.0,103.0,74
98,TwoStepNVTMTK.h,0.0,5.0,0.0,19.0,48.0,91.0,1.0,1.0,1.0,1.0,5.0,0.0,5.0,0.0,1.0,3.0,151.0,19.0,39.0,25.0,8.0,91.0,1.0,9.0,21.0,24.0,20.0,0.0,4.0,1.0,1.0,1.0,1.0,0.0,2.33,3.0,3.0,3.0,3.0,127.0,90
99,TwoStepNVTMTKGPU.h,0.0,7.0,0.0,14.0,41.0,76.0,1.0,1.0,1.0,1.0,7.0,0.0,7.0,0.0,1.0,2.0,124.0,14.0,33.0,18.0,10.0,76.0,1.0,8.0,21.0,22.0,13.0,0.0,9.0,1.0,1.0,1.0,1.0,0.0,2.3,2.0,2.0,2.0,2.0,106.0,75
100,RigidData.h,0.0,6.0,0.0,48.0,354.0,201.0,1.0,1.0,2.0,1.0,6.0,0.0,6.0,0.0,1.0,48.0,566.0,46.0,337.0,144.0,110.0,198.0,10.0,14.0,187.0,239.0,144.0,0.0,95.0,5.0,5.0,5.0,5.0,1.0,0.59,52.0,52.0,72.0,52.0,18.0,16
101,RigidBodyGroup.h,0.0,5.0,0.0,16.0,40.0,117.0,1.0,1.0,1.0,1.0,5.0,0.0,5.0,0.0,1.0,4.0,167.0,16.0,30.0,13.0,5.0,117.0,1.0,10.0,14.0,18.0,13.0,0.0,5.0,1.0,1.0,1.0,1.0,0.0,3.9,4.0,4.0,4.0,4.0,18.0,16
103,ConstForceCompute.cc,1.0,9.0,1.0,29.0,89.0,88.0,2.0,2.0,2.0,1.0,12.0,1.0,9.0,1.0,0.0,9.0,206.0,29.0,87.0,20.0,47.0,88.0,0.0,2.0,49.0,65.0,18.0,0.0,47.0,3.0,3.0,3.0,1.0,1.0,1.01,14.0,14.0,14.0,9.0,102.0,74
104,TwoStepNVTMTKGPU.cc,9.0,35.0,5.0,48.0,150.0,85.0,4.0,4.0,4.0,1.0,49.0,9.0,33.0,5.0,0.0,4.0,283.0,48.0,135.0,34.0,93.0,85.0,6.0,11.0,71.0,89.0,29.0,4.0,56.0,6.0,6.0,6.0,1.0,1.0,0.63,16.0,16.0,16.0,4.0,125.0,87
107,EvaluatorBondHarmonic.h,0.0,3.0,0.0,19.0,46.0,92.0,1.0,1.0,1.0,1.0,4.0,0.0,3.0,0.0,1.0,7.0,153.0,19.0,32.0,15.0,9.0,92.0,1.0,14.0,13.0,22.0,14.0,0.0,8.0,4.0,4.0,4.0,1.0,1.0,2.88,10.0,10.0,10.0,7.0,72.0,54
108,WallData.h,0.0,4.0,0.0,17.0,51.0,93.0,1.0,1.0,1.0,1.0,5.0,0.0,4.0,0.0,1.0,6.0,155.0,17.0,42.0,19.0,10.0,93.0,1.0,9.0,19.0,25.0,17.0,0.0,8.0,1.0,1.0,1.0,1.0,0.0,2.21,6.0,6.0,6.0,6.0,97.0,63
109,Profiler.cc,3.0,15.0,3.0,40.0,158.0,100.0,3.0,3.0,3.0,1.0,21.0,3.0,15.0,3.0,0.0,10.0,298.0,40.0,148.0,34.0,85.0,100.0,2.0,8.0,79.0,110.0,29.0,0.0,81.0,9.0,9.0,9.0,1.0,2.0,0.68,29.0,29.0,29.0,10.0,89.0,63
111,RigidData.cc,7.0,36.0,5.0,210.0,889.0,248.0,4.0,4.0,5.0,1.0,47.0,7.0,35.0,5.0,0.0,22.0,1336.0,186.0,768.0,246.0,476.0,236.0,137.0,20.0,565.0,664.0,253.0,0.0,411.0,36.0,36.0,36.0,8.0,6.0,0.31,98.0,98.0,104.0,31.0,38.0,29
113,Analyzer.cc,0.0,5.0,0.0,11.0,30.0,72.0,1.0,1.0,1.0,1.0,5.0,0.0,5.0,0.0,1.0,5.0,113.0,11.0,28.0,8.0,9.0,72.0,0.0,2.0,7.0,13.0,7.0,0.0,6.0,1.0,1.0,1.0,1.0,0.0,2.57,5.0,5.0,5.0,5.0,89.0,63
114,ParticleGroup.h,0.0,3.0,0.0,55.0,154.0,217.0,1.0,1.0,1.0,1.0,4.0,0.0,3.0,0.0,7.0,15.0,400.0,55.0,138.0,80.0,17.0,215.0,4.0,14.0,77.0,95.0,76.0,0.0,19.0,2.0,2.0,2.0,1.0,1.0,1.56,19.0,19.0,19.0,15.0,122.0,84
115,test_enforce2d_updater.cc,7.0,37.0,3.0,39.0,145.0,67.0,5.0,5.0,5.0,1.0,46.0,7.0,37.0,3.0,0.0,3.0,251.0,39.0,113.0,46.0,67.0,65.0,12.0,23.0,96.0,114.0,49.0,0.0,65.0,13.0,13.0,13.0,1.0,3.0,0.58,15.0,15.0,15.0,3.0,113.0,79
116,Enforce2DUpdater.h,0.0,0.0,0.0,11.0,17.0,61.0,0.0,0.0,0.0,0.0,0.0,0.0,0.0,0.0,1.0,0.0,89.0,11.0,8.0,5.0,0.0,61.0,1.0,9.0,5.0,5.0,5.0,0.0,0.0,0.0,0.0,0.0,0.0,0.0,7.62,0.0,0.0,0.0,0.0,100.0,72
117,HOOMDInitializer.h,0.0,2.0,0.0,26.0,109.0,150.0,1.0,1.0,1.0,1.0,2.0,0.0,2.0,0.0,1.0,6.0,248.0,26.0,93.0,81.0,3.0,150.0,1.0,16.0,71.0,77.0,75.0,0.0,2.0,1.0,1.0,1.0,1.0,0.0,1.61,6.0,6.0,6.0,6.0,145.0,99
118,Enforce2DUpdaterGPU.h,0.0,0.0,0.0,11.0,15.0,62.0,0.0,0.0,0.0,0.0,0.0,0.0,0.0,0.0,1.0,0.0,88.0,11.0,7.0,4.0,0.0,62.0,1.0,8.0,4.0,4.0,4.0,0.0,0.0,0.0,0.0,0.0,0.0,0.0,8.86,0.0,0.0,0.0,0.0,93.0,66
119,HOOMDDumpWriter.h,0.0,5.0,0.0,13.0,60.0,117.0,1.0,1.0,1.0,1.0,5.0,0.0,5.0,0.0,1.0,1.0,170.0,13.0,51.0,43.0,3.0,117.0,1.0,9.0,44.0,45.0,43.0,0.0,2.0,1.0,1.0,1.0,1.0,0.0,2.29,1.0,1.0,1.0,1.0,143.0,97
120,AllBondPotentials.h,0.0,0.0,0.0,9.0,19.0,57.0,0.0,0.0,0.0,0.0,0.0,0.0,0.0,0.0,0.0,0.0,84.0,9.0,2.0,2.0,0.0,55.0,7.0,15.0,2.0,2.0,2.0,0.0,0.0,0.0,0.0,0.0,0.0,0.0,27.5,0.0,0.0,0.0,0.0,55.0,41
122,EvaluatorBondFENE.h,1.0,6.0,1.0,26.0,72.0,103.0,1.0,1.0,1.0,1.0,8.0,1.0,6.0,1.0,1.0,7.0,192.0,26.0,58.0,26.0,27.0,103.0,1.0,14.0,32.0,42.0,24.0,0.0,18.0,4.0,4.0,4.0,3.0,2.0,1.78,10.0,10.0,10.0,9.0,62.0,47
125,TwoStepNVE.h,0.0,4.0,0.0,14.0,28.0,71.0,1.0,1.0,1.0,1.0,4.0,0.0,4.0,0.0,1.0,1.0,109.0,14.0,21.0,14.0,2.0,71.0,1.0,7.0,12.0,13.0,12.0,0.0,1.0,1.0,1.0,1.0,1.0,0.0,3.38,1.0,1.0,1.0,1.0,93.0,66
126,Variant.h,0.0,3.0,0.0,11.0,48.0,85.0,1.0,1.0,1.0,1.0,3.0,0.0,3.0,0.0,3.0,6.0,139.0,11.0,41.0,19.0,3.0,85.0,1.0,7.0,14.0,20.0,17.0,0.0,3.0,1.0,1.0,1.0,1.0,0.0,2.07,6.0,6.0,6.0,6.0,93.0,66
127,TwoStepNPHRigidGPU.cc,16.0,75.0,6.0,73.0,306.0,94.0,6.0,6.0,6.0,1.0,97.0,16.0,75.0,6.0,0.0,4.0,472.0,73.0,302.0,105.0,191.0,94.0,0.0,4.0,229.0,253.0,99.0,5.0,149.0,10.0,10.0,10.0,1.0,1.0,0.31,22.0,22.0,22.0,4.0,32.0,25
128,TwoStepNPHRigidGPU.h,0.0,1.0,0.0,14.0,37.0,76.0,1.0,1.0,1.0,1.0,1.0,0.0,1.0,0.0,1.0,1.0,112.0,14.0,30.0,26.0,1.0,76.0,1.0,7.0,20.0,20.0,20.0,0.0,0.0,1.0,1.0,1.0,1.0,0.0,2.53,1.0,1.0,1.0,1.0,31.0,24
130,EvaluatorPairLJ2.h,0.0,4.0,0.0,17.0,56.0,161.0,1.0,1.0,1.0,1.0,5.0,0.0,4.0,0.0,1.0,7.0,229.0,17.0,41.0,19.0,15.0,161.0,1.0,15.0,18.0,27.0,17.0,0.0,10.0,3.0,3.0,4.0,1.0,2.0,3.93,9.0,9.0,10.0,7.0,17.0,15
133,HarmonicAngleForceCompute.cc,5.0,25.0,4.0,52.0,183.0,97.0,4.0,4.0,4.0,1.0,34.0,5.0,25.0,4.0,0.0,7.0,331.0,52.0,176.0,44.0,124.0,97.0,0.0,7.0,126.0,153.0,44.0,0.0,109.0,14.0,14.0,16.0,1.0,3.0,0.55,25.0,25.0,27.0,7.0,89.0,63
134,HarmonicAngleForceCompute.h,0.0,0.0,0.0,17.0,34.0,71.0,0.0,0.0,0.0,0.0,0.0,0.0,0.0,0.0,1.0,0.0,119.0,17.0,15.0,11.0,0.0,68.0,11.0,12.0,11.0,11.0,11.0,0.0,0.0,0.0,0.0,0.0,0.0,0.0,4.53,0.0,0.0,0.0,0.0,100.0,72
135,cudacpu_vector_functions.h,0.0,4.0,0.0,53.0,197.0,60.0,1.0,1.0,1.0,1.0,4.0,0.0,4.0,0.0,0.0,48.0,309.0,53.0,192.0,96.0,48.0,60.0,0.0,5.0,216.0,263.0,95.0,0.0,168.0,1.0,1.0,1.0,1.0,0.0,0.31,48.0,48.0,48.0,48.0,7.0,6
136,cudacpu_vector_types.h,0.0,1.0,0.0,75.0,283.0,81.0,1.0,1.0,1.0,1.0,1.0,0.0,1.0,0.0,0.0,3.0,429.0,66.0,233.0,144.0,2.0,81.0,31.0,44.0,161.0,163.0,159.0,0.0,4.0,1.0,1.0,1.0,1.0,0.0,0.35,3.0,3.0,3.0,3.0,7.0,6
137,test_rotmat3.cc,2.0,21.0,4.0,18.0,94.0,64.0,1.0,1.0,1.0,1.0,25.0,2.0,21.0,4.0,0.0,4.0,165.0,18.0,85.0,29.0,57.0,64.0,0.0,9.0,73.0,77.0,29.0,0.0,48.0,1.0,1.0,1.0,1.0,0.0,0.75,4.0,4.0,4.0,4.0,100.0,71
138,test_gaussian_force.cc,6.0,36.0,5.0,73.0,333.0,105.0,2.0,2.0,2.0,1.0,46.0,6.0,36.0,5.0,0.0,8.0,511.0,69.0,289.0,94.0,210.0,100.0,37.0,16.0,232.0,246.0,92.0,0.0,154.0,5.0,5.0,5.0,1.0,2.0,0.35,12.0,12.0,12.0,8.0,123.0,84
140,LJWallForceCompute.h,0.0,4.0,0.0,17.0,30.0,70.0,1.0,1.0,1.0,1.0,4.0,0.0,4.0,0.0,1.0,1.0,114.0,17.0,22.0,14.0,1.0,70.0,1.0,8.0,14.0,15.0,14.0,0.0,1.0,1.0,1.0,1.0,1.0,0.0,3.18,1.0,1.0,1.0,1.0,9.0,3
141,EvaluatorPairYukawa.h,0.0,5.0,0.0,18.0,57.0,107.0,1.0,1.0,1.0,1.0,5.0,0.0,5.0,0.0,1.0,7.0,177.0,18.0,43.0,21.0,17.0,107.0,1.0,14.0,20.0,29.0,19.0,0.0,10.0,3.0,3.0,4.0,1.0,2.0,2.49,9.0,9.0,10.0,7.0,62.0,47
142,TwoStepNVERigid.h,0.0,5.0,0.0,37.0,112.0,136.0,1.0,1.0,1.0,1.0,5.0,0.0,5.0,0.0,1.0,7.0,241.0,37.0,100.0,71.0,11.0,136.0,1.0,12.0,72.0,79.0,69.0,0.0,10.0,1.0,1.0,1.0,1.0,0.0,1.36,7.0,7.0,7.0,7.0,31.0,24
143,IntegrationMethodTwoStep.h,0.0,3.0,0.0,29.0,78.0,185.0,1.0,1.0,1.0,1.0,3.0,0.0,3.0,0.0,1.0,12.0,281.0,29.0,55.0,30.0,8.0,180.0,12.0,16.0,26.0,37.0,29.0,0.0,8.0,1.0,1.0,1.0,1.0,0.0,3.27,12.0,12.0,12.0,12.0,130.0,92
144,RigidBodyGroup.cc,11.0,56.0,6.0,16.0,59.0,61.0,9.0,9.0,9.0,1.0,73.0,11.0,56.0,6.0,0.0,1.0,136.0,16.0,57.0,18.0,26.0,61.0,0.0,2.0,28.0,38.0,14.0,0.0,24.0,9.0,9.0,9.0,1.0,3.0,1.07,9.0,9.0,9.0,1.0,18.0,16
145,NeighborListGPU.h,1.0,8.0,1.0,27.0,72.0,90.0,1.0,1.0,1.0,1.0,10.0,1.0,7.0,1.0,1.0,4.0,182.0,26.0,48.0,22.0,14.0,84.0,16.0,15.0,30.0,34.0,20.0,0.0,14.0,1.0,1.0,1.0,1.0,0.0,1.75,4.0,4.0,4.0,4.0,131.0,91
146,CellList.h,0.0,5.0,0.0,59.0,185.0,204.0,1.0,1.0,1.0,1.0,5.0,0.0,5.0,0.0,1.0,27.0,419.0,59.0,173.0,72.0,43.0,204.0,1.0,12.0,86.0,114.0,72.0,0.0,42.0,2.0,2.0,2.0,1.0,1.0,1.18,28.0,28.0,28.0,27.0,140.0,100
147,EvaluatorPairForceShiftedLJ.h,1.0,5.0,0.0,20.0,57.0,108.0,1.0,1.0,1.0,1.0,6.0,1.0,5.0,0.0,1.0,7.0,180.0,20.0,43.0,21.0,19.0,108.0,1.0,14.0,22.0,31.0,19.0,0.0,12.0,3.0,3.0,4.0,1.0,2.0,2.51,9.0,9.0,10.0,7.0,64.0,49
148,TwoStepNPTMTKGPU.cc,14.0,53.0,11.0,82.0,272.0,123.0,9.0,9.0,11.0,1.0,74.0,14.0,46.0,10.0,0.0,5.0,458.0,81.0,232.0,70.0,161.0,121.0,32.0,13.0,118.0,141.0,60.0,4.0,77.0,21.0,21.0,26.0,1.0,2.0,0.52,46.0,46.0,56.0,5.0,128.0,90
149,TwoStepNPTMTKGPU.h,0.0,0.0,0.0,12.0,32.0,66.0,0.0,0.0,0.0,0.0,0.0,0.0,0.0,0.0,1.0,0.0,105.0,12.0,23.0,19.0,1.0,66.0,1.0,9.0,10.0,10.0,10.0,0.0,0.0,0.0,0.0,0.0,0.0,0.0,2.87,0.0,0.0,0.0,0.0,123.0,87
150,PathUtils.h,0.0,0.0,0.0,9.0,20.0,53.0,0.0,0.0,0.0,0.0,0.0,0.0,0.0,0.0,0.0,0.0,82.0,9.0,1.0,1.0,0.0,53.0,2.0,19.0,1.0,1.0,1.0,0.0,0.0,0.0,0.0,0.0,0.0,0.0,53.0,0.0,0.0,0.0,0.0,17.0,15
156,HarmonicImproperForceCompute.cc,6.0,30.0,4.0,58.0,219.0,97.0,4.0,4.0,5.0,1.0,39.0,6.0,30.0,4.0,0.0,7.0,372.0,58.0,212.0,70.0,159.0,97.0,0.0,7.0,159.0,190.0,70.0,0.0,120.0,18.0,18.0,21.0,1.0,3.0,0.46,29.0,29.0,32.0,7.0,89.0,63
157,HarmonicImproperForceCompute.h,0.0,0.0,0.0,18.0,34.0,71.0,0.0,0.0,0.0,0.0,0.0,0.0,0.0,0.0,1.0,0.0,120.0,18.0,15.0,11.0,0.0,68.0,11.0,12.0,11.0,11.0,11.0,0.0,0.0,0.0,0.0,0.0,0.0,0.0,4.53,0.0,0.0,0.0,0.0,100.0,72
158,test_table_dihedral_force.cc,12.0,73.0,7.0,60.0,317.0,85.0,1.0,1.0,1.0,1.0,92.0,12.0,73.0,7.0,0.0,3.0,461.0,50.0,223.0,44.0,180.0,74.0,97.0,21.0,167.0,174.0,47.0,0.0,127.0,2.0,2.0,2.0,1.0,1.0,0.33,4.0,4.0,4.0,3.0,106.0,74
159,TableDihedralForceCompute.h,0.0,0.0,0.0,16.0,41.0,94.0,0.0,0.0,0.0,0.0,0.0,0.0,0.0,0.0,1.0,0.0,146.0,16.0,21.0,17.0,1.0,91.0,11.0,13.0,13.0,13.0,13.0,0.0,0.0,0.0,0.0,0.0,0.0,0.0,4.33,0.0,0.0,0.0,0.0,106.0,75
160,TableDihedralForceComputeGPU.h,0.0,4.0,0.0,11.0,28.0,68.0,1.0,1.0,1.0,1.0,4.0,0.0,4.0,0.0,1.0,2.0,105.0,11.0,19.0,10.0,4.0,68.0,1.0,9.0,9.0,11.0,8.0,0.0,3.0,1.0,1.0,1.0,1.0,0.0,3.58,2.0,2.0,2.0,2.0,106.0,75
162,test_yukawa_force.cc,6.0,34.0,5.0,42.0,176.0,80.0,2.0,2.0,2.0,1.0,45.0,6.0,34.0,5.0,0.0,4.0,298.0,40.0,141.0,55.0,92.0,77.0,25.0,15.0,114.0,124.0,53.0,0.0,71.0,5.0,5.0,5.0,1.0,2.0,0.55,8.0,8.0,8.0,4.0,124.0,85
163,Compute.cc,0.0,7.0,1.0,25.0,86.0,117.0,1.0,1.0,1.0,1.0,8.0,0.0,7.0,1.0,1.0,11.0,228.0,25.0,82.0,15.0,36.0,117.0,0.0,4.0,27.0,45.0,14.0,0.0,31.0,4.0,4.0,4.0,4.0,1.0,1.43,16.0,16.0,16.0,14.0,105.0,76
164,Compute.h,0.0,3.0,0.0,26.0,62.0,141.0,1.0,1.0,1.0,1.0,3.0,0.0,3.0,0.0,1.0,6.0,220.0,26.0,40.0,23.0,3.0,137.0,9.0,17.0,20.0,25.0,23.0,0.0,2.0,1.0,1.0,1.0,1.0,0.0,3.42,6.0,6.0,6.0,6.0,130.0,93
165,TwoStepBerendsen.cc,4.0,17.0,3.0,31.0,92.0,79.0,3.0,3.0,3.0,1.0,24.0,4.0,17.0,3.0,0.0,5.0,202.0,31.0,87.0,31.0,53.0,79.0,1.0,5.0,49.0,64.0,26.0,0.0,38.0,6.0,6.0,6.0,1.0,1.0,0.91,14.0,14.0,14.0,5.0,105.0,74
166,TwoStepBerendsen.h,0.0,4.0,0.0,13.0,34.0,67.0,1.0,1.0,1.0,1.0,4.0,0.0,4.0,0.0,1.0,2.0,110.0,13.0,25.0,15.0,2.0,67.0,1.0,9.0,11.0,13.0,11.0,0.0,2.0,1.0,1.0,1.0,1.0,0.0,2.68,2.0,2.0,2.0,2.0,116.0,83
169,ClockSource.h,1.0,7.0,0.0,15.0,34.0,69.0,1.0,1.0,1.0,0.0,8.0,1.0,7.0,0.0,1.0,1.0,117.0,15.0,23.0,9.0,4.0,69.0,1.0,11.0,13.0,13.0,9.0,0.0,4.0,1.0,1.0,1.0,1.0,0.0,3.0,1.0,1.0,1.0,1.0,100.0,72
172,SnapshotSystemData.cc,2.0,22.0,1.0,14.0,73.0,57.0,3.0,3.0,3.0,1.0,25.0,2.0,20.0,1.0,0.0,3.0,144.0,14.0,65.0,9.0,51.0,57.0,4.0,4.0,24.0,34.0,10.0,0.0,24.0,7.0,7.0,7.0,1.0,1.0,0.88,9.0,9.0,9.0,3.0,143.0,104
173,mgpuutil.cc,0.0,0.0,0.0,15.0,86.0,36.0,0.0,0.0,0.0,0.0,0.0,0.0,0.0,0.0,0.0,0.0,136.0,2.0,0.0,0.0,0.0,32.0,100.0,6.0,0.0,0.0,0.0,0.0,0.0,0.0,0.0,0.0,0.0,0.0,0.0,0.0,0.0,0.0,0.0,7.0,6
176,test_cgcmm_angle_force.cc,12.0,62.0,10.0,69.0,283.0,98.0,2.0,2.0,2.0,1.0,82.0,12.0,62.0,10.0,0.0,4.0,445.0,66.0,250.0,60.0,190.0,95.0,23.0,17.0,204.0,212.0,62.0,0.0,150.0,3.0,3.0,3.0,1.0,1.0,0.38,6.0,6.0,6.0,4.0,107.0,74
177,CGCMMAngleForceCompute.h,0.0,0.0,0.0,21.0,41.0,79.0,0.0,0.0,0.0,0.0,0.0,0.0,0.0,0.0,1.0,0.0,131.0,21.0,22.0,18.0,0.0,76.0,11.0,12.0,18.0,18.0,18.0,0.0,0.0,0.0,0.0,0.0,0.0,0.0,3.45,0.0,0.0,0.0,0.0,101.0,72
178,CGCMMAngleForceComputeGPU.h,0.0,6.0,0.0,13.0,31.0,78.0,1.0,1.0,1.0,1.0,6.0,0.0,6.0,0.0,1.0,1.0,118.0,13.0,20.0,11.0,3.0,78.0,1.0,11.0,13.0,14.0,11.0,0.0,3.0,1.0,1.0,1.0,1.0,0.0,3.9,1.0,1.0,1.0,1.0,108.0,75
179,TwoStepBDNVTRigidGPU.h,0.0,1.0,0.0,10.0,20.0,62.0,1.0,1.0,1.0,1.0,1.0,0.0,1.0,0.0,1.0,1.0,91.0,10.0,13.0,10.0,0.0,62.0,1.0,7.0,6.0,6.0,6.0,0.0,0.0,1.0,1.0,1.0,1.0,0.0,4.77,1.0,1.0,1.0,1.0,31.0,24
180,TwoStepBDNVTRigid.h,0.0,0.0,0.0,16.0,30.0,70.0,0.0,0.0,0.0,0.0,0.0,0.0,0.0,0.0,1.0,0.0,112.0,16.0,21.0,16.0,0.0,70.0,1.0,9.0,12.0,12.0,12.0,0.0,0.0,0.0,0.0,0.0,0.0,0.0,3.33,0.0,0.0,0.0,0.0,34.0,26
181,BondTablePotential.cc,7.0,25.0,6.0,61.0,181.0,110.0,3.0,3.0,4.0,1.0,37.0,7.0,25.0,6.0,0.0,7.0,346.0,61.0,177.0,61.0,112.0,110.0,0.0,4.0,116.0,139.0,55.0,0.0,84.0,9.0,9.0,11.0,1.0,3.0,0.62,21.0,21.0,26.0,7.0,96.0,69
182,ZeroMomentumUpdater.cc,3.0,23.0,2.0,23.0,99.0,66.0,4.0,4.0,4.0,1.0,28.0,3.0,21.0,2.0,0.0,4.0,187.0,23.0,85.0,30.0,46.0,66.0,7.0,7.0,52.0,68.0,30.0,0.0,38.0,11.0,11.0,11.0,1.0,2.0,0.78,14.0,14.0,14.0,4.0,101.0,74
183,ZeroMomentumUpdater.h,0.0,0.0,0.0,10.0,17.0,61.0,0.0,0.0,0.0,0.0,0.0,0.0,0.0,0.0,1.0,0.0,88.0,10.0,8.0,5.0,0.0,61.0,1.0,9.0,5.0,5.0,5.0,0.0,0.0,0.0,0.0,0.0,0.0,0.0,7.62,0.0,0.0,0.0,0.0,100.0,72
184,TwoStepNPTMTK.h,0.0,4.0,0.0,28.0,92.0,117.0,1.0,1.0,1.0,1.0,4.0,0.0,4.0,0.0,1.0,6.0,219.0,28.0,83.0,60.0,8.0,117.0,1.0,9.0,37.0,43.0,36.0,0.0,7.0,1.0,1.0,1.0,1.0,0.0,1.41,6.0,6.0,6.0,6.0,131.0,92
185,TablePotential.cc,6.0,26.0,6.0,57.0,217.0,123.0,3.0,3.0,3.0,1.0,38.0,6.0,26.0,6.0,0.0,8.0,397.0,57.0,212.0,82.0,138.0,123.0,0.0,5.0,148.0,170.0,74.0,0.0,96.0,8.0,8.0,10.0,1.0,4.0,0.58,20.0,20.0,25.0,8.0,127.0,87
186,TablePotential.h,0.0,0.0,0.0,17.0,40.0,101.0,0.0,0.0,0.0,0.0,0.0,0.0,0.0,0.0,1.0,0.0,152.0,17.0,29.0,24.0,1.0,101.0,1.0,11.0,16.0,16.0,16.0,0.0,0.0,0.0,0.0,0.0,0.0,0.0,3.48,0.0,0.0,0.0,0.0,106.0,75
188,TwoStepNVTRigidGPU.cc,10.0,55.0,4.0,48.0,227.0,82.0,4.0,4.0,4.0,1.0,69.0,10.0,55.0,4.0,0.0,4.0,357.0,48.0,223.0,84.0,136.0,82.0,0.0,4.0,162.0,181.0,78.0,3.0,100.0,8.0,8.0,8.0,1.0,1.0,0.37,17.0,17.0,17.0,4.0,32.0,25
190,CGCMMAngleForceCompute.cc,7.0,36.0,5.0,62.0,261.0,106.0,4.0,4.0,5.0,1.0,47.0,7.0,36.0,5.0,0.0,7.0,428.0,62.0,254.0,61.0,196.0,106.0,0.0,7.0,200.0,233.0,61.0,0.0,172.0,17.0,17.0,19.0,1.0,3.0,0.42,31.0,31.0,33.0,7.0,90.0,63
191,SystemDefinition.h,0.0,4.0,0.0,19.0,97.0,117.0,1.0,1.0,1.0,1.0,4.0,0.0,4.0,0.0,1.0,10.0,224.0,19.0,82.0,48.0,19.0,116.0,3.0,14.0,28.0,38.0,28.0,0.0,10.0,1.0,1.0,1.0,1.0,0.0,1.41,10.0,10.0,10.0,10.0,141.0,97
192,Updater.cc,0.0,4.0,0.0,9.0,29.0,72.0,1.0,1.0,1.0,1.0,5.0,0.0,4.0,0.0,1.0,5.0,110.0,9.0,27.0,8.0,8.0,72.0,0.0,2.0,7.0,13.0,7.0,0.0,6.0,1.0,1.0,1.0,1.0,0.0,2.67,5.0,5.0,5.0,5.0,89.0,63
193,Updater.h,0.0,3.0,0.0,22.0,54.0,129.0,1.0,1.0,1.0,1.0,3.0,0.0,3.0,0.0,1.0,7.0,200.0,22.0,35.0,16.0,4.0,125.0,9.0,14.0,13.0,19.0,16.0,0.0,3.0,1.0,1.0,1.0,1.0,0.0,3.57,7.0,7.0,7.0,7.0,116.0,81
194,mgpucontext.h,0.0,3.0,0.0,90.0,381.0,44.0,1.0,1.0,1.0,1.0,3.0,0.0,3.0,0.0,7.0,71.0,513.0,90.0,361.0,217.0,125.0,42.0,10.0,20.0,196.0,283.0,165.0,0.0,118.0,2.0,2.0,2.0,1.0,1.0,0.12,87.0,87.0,87.0,71.0,7.0,6
195,util.h,0.0,2.0,0.0,16.0,71.0,38.0,1.0,1.0,1.0,1.0,2.0,0.0,2.0,0.0,3.0,21.0,124.0,16.0,69.0,36.0,19.0,38.0,0.0,2.0,29.0,55.0,34.0,0.0,21.0,2.0,2.0,2.0,1.0,1.0,0.55,25.0,25.0,25.0,21.0,7.0,6
196,mgpualloc.h,0.0,1.0,0.0,25.0,64.0,10.0,1.0,1.0,1.0,1.0,1.0,0.0,1.0,0.0,3.0,10.0,98.0,25.0,61.0,48.0,11.0,10.0,0.0,3.0,43.0,54.0,47.0,0.0,7.0,1.0,1.0,1.0,1.0,0.0,0.16,10.0,10.0,10.0,10.0,7.0,6
197,test_harmonic_dihedral_force.cc,14.0,80.0,12.0,75.0,361.0,107.0,2.0,2.0,2.0,1.0,104.0,14.0,80.0,12.0,0.0,4.0,536.0,72.0,321.0,72.0,255.0,103.0,31.0,17.0,278.0,289.0,72.0,0.0,217.0,6.0,6.0,6.0,1.0,2.0,0.32,9.0,9.0,9.0,4.0,106.0,74
198,HarmonicDihedralForceCompute.h,0.0,0.0,0.0,18.0,35.0,72.0,0.0,0.0,0.0,0.0,0.0,0.0,0.0,0.0,1.0,0.0,121.0,18.0,16.0,12.0,0.0,69.0,11.0,12.0,12.0,12.0,12.0,0.0,0.0,0.0,0.0,0.0,0.0,0.0,4.31,0.0,0.0,0.0,0.0,100.0,72
199,HarmonicDihedralForceComputeGPU.h,0.0,6.0,0.0,11.0,26.0,75.0,1.0,1.0,1.0,1.0,6.0,0.0,6.0,0.0,1.0,1.0,110.0,11.0,18.0,9.0,3.0,75.0,0.0,8.0,11.0,12.0,9.0,0.0,3.0,1.0,1.0,1.0,1.0,0.0,4.17,1.0,1.0,1.0,1.0,106.0,75
200,PotentialTersoffGPU.h,0.0,0.0,0.0,28.0,99.0,84.0,0.0,0.0,0.0,0.0,0.0,0.0,0.0,0.0,0.0,0.0,209.0,2.0,0.0,0.0,0.0,49.0,154.0,11.0,0.0,0.0,0.0,0.0,0.0,0.0,0.0,0.0,0.0,0.0,0.0,0.0,0.0,0.0,0.0,132.0,89
201,PotentialTersoff.h,6.0,24.0,5.0,82.0,290.0,200.0,3.0,3.0,3.0,1.0,35.0,6.0,24.0,5.0,1.0,10.0,565.0,82.0,273.0,114.0,161.0,200.0,1.0,17.0,178.0,205.0,98.0,0.0,107.0,15.0,15.0,17.0,1.0,6.0,0.73,28.0,28.0,33.0,10.0,142.0,96
203,kiss_fftnd.h,0.0,0.0,0.0,5.0,13.0,0.0,0.0,0.0,0.0,0.0,0.0,0.0,0.0,0.0,0.0,0.0,18.0,5.0,5.0,5.0,0.0,0.0,0.0,8.0,3.0,4.0,4.0,0.0,0.0,0.0,0.0,0.0,0.0,0.0,0.0,0.0,0.0,0.0,0.0,12.0,10
204,TwoStepBDNVTRigid.cc,5.0,23.0,4.0,44.0,144.0,86.0,3.0,3.0,3.0,1.0,32.0,5.0,23.0,4.0,0.0,6.0,273.0,44.0,140.0,57.0,77.0,86.0,0.0,4.0,86.0,105.0,52.0,0.0,53.0,8.0,8.0,8.0,1.0,2.0,0.61,18.0,18.0,18.0,6.0,36.0,27
205,OPLSDihedralForceComputeGPU.cc,2.0,16.0,1.0,17.0,53.0,65.0,2.0,2.0,2.0,1.0,19.0,2.0,16.0,1.0,0.0,3.0,135.0,17.0,50.0,13.0,28.0,65.0,0.0,3.0,22.0,32.0,14.0,1.0,17.0,4.0,4.0,4.0,1.0,1.0,1.3,7.0,7.0,7.0,3.0,95.0,66
206,OPLSDihedralForceComputeGPU.h,0.0,4.0,0.0,12.0,25.0,66.0,1.0,1.0,1.0,1.0,4.0,0.0,4.0,0.0,1.0,2.0,102.0,12.0,16.0,7.0,3.0,66.0,1.0,9.0,8.0,10.0,7.0,0.0,3.0,1.0,1.0,1.0,1.0,0.0,4.12,2.0,2.0,2.0,2.0,106.0,75
207,mmio.h,0.0,0.0,0.0,35.0,72.0,27.0,0.0,0.0,0.0,0.0,0.0,0.0,0.0,0.0,0.0,0.0,133.0,35.0,17.0,17.0,0.0,27.0,0.0,55.0,13.0,13.0,13.0,0.0,0.0,0.0,0.0,0.0,0.0,0.0,1.59,0.0,0.0,0.0,0.0,7.0,6
208,HarmonicImproperForceComputeGPU.cc,1.0,12.0,1.0,20.0,64.0,74.0,2.0,2.0,2.0,1.0,14.0,1.0,12.0,1.0,0.0,5.0,158.0,20.0,61.0,17.0,31.0,74.0,0.0,3.0,27.0,39.0,18.0,1.0,20.0,4.0,4.0,4.0,1.0,1.0,1.21,9.0,9.0,9.0,5.0,95.0,66
209,HarmonicImproperForceComputeGPU.h,0.0,6.0,0.0,12.0,29.0,75.0,1.0,1.0,1.0,1.0,6.0,0.0,6.0,0.0,1.0,1.0,114.0,12.0,18.0,9.0,3.0,75.0,1.0,11.0,11.0,12.0,9.0,0.0,3.0,1.0,1.0,1.0,1.0,0.0,4.17,1.0,1.0,1.0,1.0,106.0,75
210,CallbackAnalyzer.h,0.0,0.0,0.0,13.0,22.0,63.0,0.0,0.0,0.0,0.0,0.0,0.0,0.0,0.0,1.0,0.0,98.0,13.0,11.0,7.0,0.0,63.0,1.0,11.0,6.0,6.0,6.0,0.0,0.0,0.0,0.0,0.0,0.0,0.0,5.73,0.0,0.0,0.0,0.0,89.0,63
211,EvaluatorPairMie.h,0.0,5.0,0.0,17.0,58.0,117.0,1.0,1.0,1.0,1.0,5.0,0.0,5.0,0.0,1.0,7.0,185.0,17.0,44.0,22.0,16.0,117.0,1.0,14.0,21.0,30.0,20.0,0.0,10.0,3.0,3.0,4.0,1.0,2.0,2.66,9.0,9.0,10.0,7.0,72.0,52
212,test_pppm_force.cc,5.0,23.0,3.0,51.0,158.0,75.0,1.0,1.0,1.0,1.0,31.0,5.0,23.0,3.0,0.0,5.0,283.0,49.0,122.0,51.0,78.0,73.0,22.0,19.0,99.0,107.0,50.0,0.0,57.0,1.0,1.0,1.0,1.0,0.0,0.6,5.0,5.0,5.0,5.0,138.0,97
213,HOOMDDumpWriter.cc,3.0,19.0,1.0,86.0,413.0,123.0,4.0,4.0,4.0,1.0,23.0,3.0,19.0,1.0,0.0,21.0,622.0,86.0,397.0,85.0,224.0,122.0,4.0,14.0,193.0,271.0,81.0,0.0,190.0,51.0,51.0,51.0,1.0,3.0,0.31,75.0,75.0,75.0,21.0,143.0,96
214,ExampleUpdater.h,0.0,0.0,0.0,17.0,20.0,80.0,0.0,0.0,0.0,0.0,0.0,0.0,0.0,0.0,1.0,0.0,115.0,13.0,7.0,4.0,0.0,74.0,17.0,6.0,4.0,6.0,5.0,0.0,1.0,0.0,0.0,0.0,0.0,0.0,10.57,0.0,0.0,0.0,0.0,66.0,53
216,EvaluatorConstraint.h,0.0,9.0,1.0,13.0,44.0,84.0,1.0,1.0,1.0,1.0,10.0,0.0,9.0,1.0,1.0,3.0,136.0,13.0,35.0,13.0,16.0,84.0,1.0,9.0,21.0,24.0,11.0,0.0,13.0,1.0,1.0,1.0,1.0,0.0,2.4,3.0,3.0,3.0,3.0,62.0,47
217,HarmonicAngleForceComputeGPU.h,0.0,6.0,0.0,12.0,29.0,75.0,1.0,1.0,1.0,1.0,6.0,0.0,6.0,0.0,1.0,1.0,114.0,12.0,18.0,9.0,3.0,75.0,1.0,11.0,11.0,12.0,9.0,0.0,3.0,1.0,1.0,1.0,1.0,0.0,4.17,1.0,1.0,1.0,1.0,106.0,75
219,ComputeThermo.cc,4.0,31.0,3.0,45.0,267.0,85.0,5.0,5.0,5.0,2.0,37.0,4.0,30.0,3.0,0.0,8.0,396.0,43.0,244.0,61.0,155.0,83.0,16.0,13.0,130.0,168.0,59.0,0.0,109.0,15.0,15.0,15.0,13.0,2.0,0.34,36.0,36.0,36.0,20.0,127.0,90
220,EAMForceCompute.h,0.0,5.0,0.0,26.0,48.0,95.0,1.0,1.0,1.0,1.0,5.0,0.0,5.0,0.0,1.0,1.0,151.0,26.0,39.0,30.0,2.0,95.0,1.0,9.0,31.0,32.0,30.0,0.0,2.0,1.0,1.0,1.0,1.0,0.0,2.44,1.0,1.0,1.0,1.0,121.0,83
221,SFCPackUpdaterGPU.cc,0.0,0.0,0.0,42.0,162.0,79.0,0.0,0.0,0.0,0.0,0.0,0.0,0.0,0.0,0.0,0.0,283.0,3.0,0.0,0.0,0.0,52.0,226.0,10.0,0.0,0.0,0.0,0.0,0.0,0.0,0.0,0.0,0.0,0.0,0.0,0.0,0.0,0.0,0.0,121.0,85
222,SFCPackUpdaterGPU.h,0.0,0.0,0.0,21.0,33.0,70.0,0.0,0.0,0.0,0.0,0.0,0.0,0.0,0.0,0.0,0.0,118.0,4.0,0.0,0.0,0.0,53.0,58.0,16.0,0.0,0.0,0.0,0.0,0.0,0.0,0.0,0.0,0.0,0.0,0.0,0.0,0.0,0.0,0.0,99.0,69
224,xmlParser.cc,1.0,14.0,2.0,245.0,2093.0,477.0,5.0,4.0,6.0,2.0,16.0,1.0,13.0,2.0,0.0,134.0,2721.0,245.0,1858.0,404.0,1225.0,449.0,158.0,106.0,1200.0,1852.0,315.0,13.0,1524.0,70.0,57.0,73.0,39.0,8.0,0.24,668.0,593.0,765.0,362.0,12.0,10
225,xmlParser.h,0.0,1.0,0.0,63.0,271.0,279.0,1.0,1.0,1.0,1.0,1.0,0.0,1.0,0.0,0.0,3.0,554.0,63.0,215.0,213.0,46.0,273.0,23.0,56.0,160.0,165.0,165.0,0.0,0.0,1.0,1.0,1.0,1.0,0.0,1.27,3.0,3.0,3.0,3.0,12.0,10
230,EAMForceComputeGPU.cc,5.0,23.0,3.0,35.0,98.0,70.0,2.0,2.0,2.0,1.0,30.0,5.0,22.0,3.0,0.0,4.0,203.0,35.0,91.0,16.0,65.0,70.0,0.0,7.0,60.0,72.0,17.0,2.0,53.0,5.0,5.0,5.0,1.0,1.0,0.77,9.0,9.0,9.0,4.0,130.0,86
231,EAMForceComputeGPU.h,0.0,6.0,0.0,15.0,30.0,71.0,1.0,1.0,1.0,1.0,6.0,0.0,6.0,0.0,1.0,1.0,112.0,15.0,19.0,10.0,3.0,71.0,1.0,11.0,12.0,13.0,10.0,0.0,3.0,1.0,1.0,1.0,1.0,0.0,3.74,1.0,1.0,1.0,1.0,113.0,77
232,OPLSDihedralForceCompute.h,0.0,0.0,0.0,17.0,33.0,69.0,0.0,0.0,0.0,0.0,0.0,0.0,0.0,0.0,1.0,0.0,119.0,17.0,14.0,10.0,0.0,66.0,11.0,12.0,10.0,10.0,10.0,0.0,0.0,0.0,0.0,0.0,0.0,0.0,4.71,0.0,0.0,0.0,0.0,100.0,72
234,imd.cc,0.0,8.0,0.0,36.0,189.0,35.0,2.0,2.0,2.0,1.0,8.0,0.0,8.0,0.0,0.0,22.0,257.0,36.0,182.0,60.0,101.0,35.0,0.0,7.0,116.0,156.0,59.0,0.0,97.0,7.0,7.0,7.0,7.0,3.0,0.19,40.0,40.0,40.0,37.0,7.0,6
235,imd.h,0.0,0.0,0.0,20.0,46.0,60.0,0.0,0.0,0.0,0.0,0.0,0.0,0.0,0.0,0.0,0.0,99.0,20.0,38.0,38.0,0.0,60.0,1.0,7.0,26.0,27.0,27.0,0.0,0.0,0.0,0.0,0.0,0.0,0.0,1.58,0.0,0.0,0.0,0.0,7.0,6
236,vmdsock.h,0.0,0.0,0.0,8.0,33.0,28.0,0.0,0.0,0.0,0.0,0.0,0.0,0.0,0.0,0.0,0.0,64.0,5.0,14.0,14.0,0.0,25.0,16.0,14.0,12.0,14.0,13.0,0.0,1.0,0.0,0.0,0.0,0.0,0.0,1.79,0.0,0.0,0.0,0.0,7.0,6
238,TwoStepNVEGPU.cc,4.0,21.0,2.0,25.0,90.0,71.0,4.0,4.0,4.0,1.0,27.0,4.0,21.0,2.0,0.0,4.0,186.0,25.0,86.0,21.0,59.0,71.0,0.0,4.0,42.0,58.0,20.0,2.0,36.0,5.0,5.0,5.0,1.0,1.0,0.83,14.0,14.0,14.0,4.0,115.0,79
239,TwoStepNVEGPU.h,0.0,5.0,0.0,13.0,28.0,68.0,1.0,1.0,1.0,1.0,5.0,0.0,5.0,0.0,1.0,2.0,106.0,13.0,20.0,9.0,5.0,68.0,1.0,8.0,13.0,14.0,9.0,0.0,5.0,1.0,1.0,1.0,1.0,0.0,3.4,2.0,2.0,2.0,2.0,106.0,75
241,test_lj_force.cc,8.0,49.0,6.0,91.0,435.0,120.0,2.0,2.0,2.0,1.0,63.0,8.0,49.0,6.0,0.0,8.0,645.0,87.0,398.0,134.0,294.0,109.0,37.0,15.0,330.0,344.0,134.0,0.0,210.0,5.0,5.0,5.0,1.0,2.0,0.27,12.0,12.0,12.0,8.0,123.0,84
242,POSDumpWriter.cc,7.0,28.0,2.0,38.0,122.0,60.0,5.0,5.0,5.0,1.0,37.0,7.0,26.0,2.0,0.0,4.0,220.0,38.0,106.0,33.0,64.0,59.0,4.0,13.0,59.0,79.0,31.0,0.0,48.0,12.0,12.0,13.0,1.0,2.0,0.56,18.0,18.0,19.0,4.0,128.0,89
243,POSDumpWriter.h,0.0,4.0,0.0,14.0,24.0,59.0,1.0,1.0,1.0,1.0,4.0,0.0,4.0,0.0,1.0,1.0,93.0,14.0,17.0,10.0,1.0,59.0,0.0,7.0,10.0,11.0,10.0,0.0,1.0,1.0,1.0,1.0,1.0,0.0,3.47,1.0,1.0,1.0,1.0,128.0,89
244,CellListGPU.cc,4.0,39.0,2.0,20.0,122.0,59.0,4.0,4.0,4.0,1.0,45.0,4.0,37.0,1.0,0.0,3.0,201.0,20.0,113.0,16.0,84.0,58.0,5.0,5.0,35.0,47.0,15.0,3.0,29.0,8.0,8.0,8.0,1.0,2.0,0.51,11.0,11.0,11.0,3.0,128.0,95
246,NeighborList.cc,6.0,25.0,4.0,245.0,871.0,288.0,4.0,4.0,5.0,1.0,35.0,6.0,23.0,4.0,0.0,33.0,1399.0,237.0,775.0,211.0,471.0,281.0,82.0,30.0,459.0,601.0,207.0,0.0,394.0,14.0,14.0,22.0,7.0,5.0,0.36,142.0,142.0,161.0,54.0,170.0,121
247,test_vec2.cc,2.0,14.0,1.0,38.0,160.0,61.0,1.0,1.0,1.0,1.0,17.0,2.0,14.0,1.0,0.0,11.0,259.0,38.0,151.0,43.0,88.0,61.0,0.0,9.0,118.0,129.0,43.0,0.0,86.0,1.0,1.0,1.0,1.0,0.0,0.4,11.0,11.0,11.0,11.0,101.0,71
251,BoxResizeUpdater.cc,4.0,23.0,4.0,31.0,122.0,87.0,3.0,3.0,4.0,1.0,31.0,4.0,23.0,4.0,0.0,5.0,240.0,31.0,116.0,51.0,68.0,87.0,0.0,6.0,60.0,77.0,38.0,0.0,39.0,11.0,11.0,16.0,1.0,4.0,0.75,15.0,15.0,20.0,5.0,101.0,74
252,BoxResizeUpdater.h,0.0,0.0,0.0,13.0,32.0,70.0,0.0,0.0,0.0,0.0,0.0,0.0,0.0,0.0,1.0,0.0,108.0,13.0,23.0,19.0,0.0,70.0,1.0,9.0,13.0,13.0,13.0,0.0,0.0,0.0,0.0,0.0,0.0,0.0,3.04,0.0,0.0,0.0,0.0,93.0,66
253,num_util.h,0.0,5.0,0.0,69.0,109.0,220.0,1.0,1.0,1.0,1.0,5.0,0.0,5.0,0.0,0.0,5.0,396.0,69.0,98.0,79.0,18.0,220.0,0.0,11.0,63.0,69.0,56.0,0.0,13.0,1.0,1.0,1.0,1.0,0.0,2.24,5.0,5.0,5.0,5.0,80.0,52
255,ParticleData.cc,3.0,23.0,3.0,419.0,2095.0,598.0,2.0,2.0,2.0,1.0,29.0,2.0,15.0,2.0,0.0,72.0,3062.0,269.0,1127.0,309.0,636.0,417.0,1152.0,103.0,607.0,754.0,286.0,0.0,468.0,6.0,6.0,13.0,4.0,4.0,0.37,137.0,137.0,151.0,79.0,277.0,208
258,BondTablePotentialGPU.h,0.0,6.0,0.0,12.0,28.0,68.0,1.0,1.0,1.0,1.0,6.0,0.0,6.0,0.0,1.0,1.0,106.0,12.0,19.0,10.0,4.0,68.0,1.0,9.0,10.0,11.0,8.0,0.0,3.0,1.0,1.0,1.0,1.0,0.0,3.58,1.0,1.0,1.0,1.0,106.0,75
260,BondedGroupData.cc,6.0,29.0,4.0,194.0,870.0,202.0,3.0,3.0,4.0,1.0,38.0,5.0,20.0,3.0,0.0,23.0,1261.0,143.0,495.0,140.0,269.0,162.0,417.0,46.0,282.0,361.0,120.0,0.0,241.0,15.0,15.0,17.0,5.0,4.0,0.33,77.0,77.0,81.0,29.0,148.0,100
261,TwoStepBDNVTRigidGPU.cc,7.0,48.0,4.0,38.0,199.0,80.0,4.0,4.0,4.0,1.0,59.0,7.0,48.0,4.0,0.0,4.0,317.0,38.0,193.0,70.0,123.0,80.0,0.0,6.0,135.0,152.0,66.0,4.0,82.0,7.0,7.0,7.0,1.0,1.0,0.41,15.0,15.0,15.0,4.0,33.0,26
265,TwoStepNVERigidGPU.h,0.0,1.0,0.0,10.0,16.0,62.0,1.0,1.0,1.0,1.0,1.0,0.0,1.0,0.0,1.0,1.0,87.0,10.0,9.0,6.0,0.0,62.0,1.0,7.0,6.0,6.0,6.0,0.0,0.0,1.0,1.0,1.0,1.0,0.0,6.89,1.0,1.0,1.0,1.0,31.0,24
267,MOL2DumpWriter.cc,3.0,17.0,2.0,30.0,96.0,69.0,3.0,3.0,3.0,1.0,23.0,3.0,17.0,2.0,0.0,5.0,195.0,30.0,89.0,23.0,50.0,69.0,0.0,7.0,47.0,64.0,23.0,0.0,41.0,9.0,9.0,11.0,1.0,2.0,0.78,15.0,15.0,17.0,5.0,20.0,15
268,MOL2DumpWriter.h,0.0,0.0,0.0,13.0,20.0,64.0,0.0,0.0,0.0,0.0,0.0,0.0,0.0,0.0,1.0,0.0,96.0,13.0,11.0,7.0,0.0,64.0,1.0,9.0,7.0,7.0,7.0,0.0,0.0,0.0,0.0,0.0,0.0,0.0,5.82,0.0,0.0,0.0,0.0,20.0,15
269,ClockSource.cc,0.0,7.0,1.0,10.0,27.0,58.0,1.0,1.0,1.0,1.0,8.0,0.0,7.0,1.0,0.0,3.0,95.0,10.0,23.0,8.0,11.0,58.0,0.0,4.0,12.0,17.0,9.0,0.0,8.0,1.0,1.0,1.0,1.0,0.0,2.52,3.0,3.0,3.0,3.0,89.0,63
270,HarmonicDihedralForceComputeGPU.cc,2.0,12.0,1.0,21.0,64.0,75.0,2.0,2.0,2.0,1.0,14.0,2.0,12.0,1.0,0.0,5.0,160.0,21.0,61.0,17.0,31.0,75.0,0.0,3.0,27.0,39.0,18.0,1.0,20.0,4.0,4.0,4.0,1.0,1.0,1.23,9.0,9.0,9.0,5.0,95.0,66
271,CGCMMAngleForceComputeGPU.cc,3.0,17.0,2.0,28.0,92.0,80.0,2.0,2.0,2.0,1.0,22.0,3.0,17.0,2.0,0.0,5.0,200.0,28.0,89.0,27.0,53.0,80.0,0.0,3.0,53.0,65.0,28.0,1.0,36.0,4.0,4.0,4.0,1.0,1.0,0.9,9.0,9.0,9.0,5.0,96.0,66
272,MSDAnalyzer.h,0.0,2.0,0.0,25.0,50.0,97.0,1.0,1.0,1.0,1.0,2.0,0.0,2.0,0.0,1.0,2.0,162.0,25.0,38.0,32.0,2.0,97.0,1.0,12.0,26.0,28.0,28.0,0.0,0.0,1.0,1.0,1.0,1.0,0.0,2.55,2.0,2.0,2.0,2.0,96.0,66
273,ComputeThermoTypes.h,0.0,0.0,0.0,6.0,30.0,72.0,0.0,0.0,0.0,0.0,0.0,0.0,0.0,0.0,0.0,0.0,92.0,6.0,26.0,22.0,1.0,72.0,0.0,4.0,10.0,10.0,10.0,0.0,0.0,0.0,0.0,0.0,0.0,0.0,2.77,0.0,0.0,0.0,0.0,75.0,54
274,Initializers.cc,2.0,14.0,2.0,41.0,168.0,113.0,3.0,3.0,3.0,1.0,18.0,2.0,14.0,2.0,0.0,11.0,322.0,41.0,160.0,48.0,92.0,113.0,0.0,8.0,82.0,113.0,40.0,0.0,73.0,13.0,13.0,13.0,1.0,5.0,0.71,29.0,29.0,29.0,11.0,110.0,75
275,hoomd_module.cc,2.0,22.0,1.0,65.0,488.0,113.0,1.0,1.0,1.0,1.0,25.0,2.0,14.0,1.0,0.0,14.0,662.0,53.0,207.0,19.0,159.0,97.0,179.0,177.0,146.0,169.0,22.0,0.0,147.0,7.0,7.0,7.0,7.0,1.0,0.47,20.0,20.0,20.0,20.0,96.0,61
276,HOOMDBinaryInitializer.h,0.0,0.0,0.0,24.0,72.0,118.0,0.0,0.0,0.0,0.0,0.0,0.0,0.0,0.0,1.0,0.0,172.0,24.0,55.0,51.0,0.0,118.0,1.0,17.0,50.0,50.0,50.0,0.0,0.0,0.0,0.0,0.0,0.0,0.0,2.15,0.0,0.0,0.0,0.0,12.0,5
277,TableAngleForceCompute.h,0.0,0.0,0.0,17.0,42.0,94.0,0.0,0.0,0.0,0.0,0.0,0.0,0.0,0.0,1.0,0.0,148.0,17.0,22.0,18.0,1.0,91.0,11.0,13.0,13.0,13.0,13.0,0.0,0.0,0.0,0.0,0.0,0.0,0.0,4.14,0.0,0.0,0.0,0.0,100.0,72
278,CGCMMForceCompute.h,0.0,0.0,0.0,18.0,33.0,85.0,0.0,0.0,0.0,0.0,0.0,0.0,0.0,0.0,1.0,0.0,129.0,18.0,24.0,19.0,0.0,85.0,1.0,9.0,17.0,17.0,17.0,0.0,0.0,0.0,0.0,0.0,0.0,0.0,3.54,0.0,0.0,0.0,0.0,107.0,75
279,AllTripletPotentials.h,0.0,0.0,0.0,9.0,17.0,55.0,0.0,0.0,0.0,0.0,0.0,0.0,0.0,0.0,0.0,0.0,79.0,8.0,1.0,1.0,0.0,54.0,6.0,15.0,1.0,1.0,1.0,0.0,0.0,0.0,0.0,0.0,0.0,0.0,54.0,0.0,0.0,0.0,0.0,69.0,50
280,IMDInterface.h,0.0,0.0,0.0,17.0,48.0,92.0,0.0,0.0,0.0,0.0,0.0,0.0,0.0,0.0,1.0,0.0,145.0,17.0,39.0,35.0,5.0,92.0,1.0,9.0,30.0,30.0,30.0,0.0,0.0,0.0,0.0,0.0,0.0,0.0,2.36,0.0,0.0,0.0,0.0,93.0,66
281,HOOMDBinaryDumpWriter.h,0.0,0.0,0.0,12.0,28.0,88.0,0.0,0.0,0.0,0.0,0.0,0.0,0.0,0.0,1.0,0.0,122.0,12.0,18.0,14.0,0.0,88.0,1.0,10.0,14.0,14.0,14.0,0.0,0.0,0.0,0.0,0.0,0.0,0.0,4.89,0.0,0.0,0.0,0.0,12.0,5
282,PDBDumpWriter.h,0.0,4.0,0.0,14.0,25.0,66.0,1.0,1.0,1.0,1.0,4.0,0.0,4.0,0.0,1.0,1.0,103.0,14.0,16.0,9.0,1.0,66.0,1.0,9.0,9.0,10.0,9.0,0.0,1.0,1.0,1.0,1.0,1.0,0.0,4.12,1.0,1.0,1.0,1.0,20.0,15
283,DCDDumpWriter.h,0.0,4.0,0.0,23.0,56.0,101.0,1.0,1.0,1.0,1.0,4.0,0.0,4.0,0.0,1.0,3.0,165.0,23.0,45.0,32.0,4.0,101.0,1.0,11.0,28.0,31.0,28.0,0.0,3.0,1.0,1.0,1.0,1.0,0.0,2.24,3.0,3.0,3.0,3.0,105.0,77
284,Logger.h,0.0,8.0,0.0,22.0,55.0,97.0,1.0,1.0,1.0,1.0,8.0,0.0,8.0,0.0,1.0,1.0,174.0,22.0,40.0,30.0,7.0,97.0,1.0,15.0,30.0,31.0,27.0,0.0,4.0,1.0,1.0,1.0,1.0,0.0,2.42,1.0,1.0,1.0,1.0,127.0,86
285,Integrator.h,0.0,4.0,0.0,31.0,58.0,118.0,1.0,1.0,1.0,1.0,4.0,0.0,4.0,0.0,1.0,1.0,202.0,30.0,29.0,21.0,1.0,110.0,15.0,23.0,21.0,22.0,21.0,0.0,1.0,1.0,1.0,1.0,1.0,0.0,3.79,1.0,1.0,1.0,1.0,162.0,117
286,TempRescaleUpdater.h,0.0,0.0,0.0,13.0,25.0,65.0,0.0,0.0,0.0,0.0,0.0,0.0,0.0,0.0,1.0,0.0,101.0,13.0,14.0,10.0,0.0,65.0,1.0,11.0,8.0,8.0,8.0,0.0,0.0,0.0,0.0,0.0,0.0,0.0,4.64,0.0,0.0,0.0,0.0,100.0,72
287,FIREEnergyMinimizerRigid.h,0.0,3.0,0.0,17.0,37.0,75.0,1.0,1.0,1.0,1.0,3.0,0.0,3.0,0.0,1.0,4.0,122.0,17.0,27.0,16.0,5.0,75.0,1.0,10.0,16.0,20.0,16.0,0.0,4.0,1.0,1.0,1.0,1.0,0.0,2.78,4.0,4.0,4.0,4.0,18.0,16
288,SFCPackUpdater.h,0.0,4.0,0.0,20.0,40.0,96.0,1.0,1.0,1.0,1.0,4.0,0.0,4.0,0.0,1.0,1.0,149.0,20.0,27.0,19.0,1.0,96.0,1.0,13.0,20.0,21.0,19.0,1.0,1.0,1.0,1.0,1.0,1.0,0.0,3.56,1.0,1.0,1.0,1.0,115.0,81
289,ConstraintSphere.h,0.0,0.0,0.0,15.0,28.0,65.0,0.0,0.0,0.0,0.0,0.0,0.0,0.0,0.0,1.0,0.0,105.0,15.0,19.0,14.0,0.0,65.0,1.0,9.0,11.0,11.0,11.0,0.0,0.0,0.0,0.0,0.0,0.0,0.0,3.42,0.0,0.0,0.0,0.0,101.0,73
290,PotentialPairDPDThermo.h,5.0,20.0,5.0,60.0,163.0,136.0,3.0,3.0,3.0,1.0,31.0,5.0,20.0,5.0,1.0,6.0,356.0,57.0,141.0,74.0,83.0,131.0,19.0,12.0,104.0,119.0,62.0,0.0,57.0,12.0,12.0,12.0,1.0,5.0,0.93,17.0,17.0,17.0,6.0,116.0,82
291,EvaluatorTersoff.h,3.0,16.0,4.0,51.0,243.0,149.0,2.0,2.0,2.0,1.0,23.0,3.0,16.0,4.0,1.0,12.0,417.0,51.0,227.0,137.0,121.0,149.0,2.0,16.0,139.0,160.0,113.0,0.0,47.0,4.0,4.0,5.0,1.0,2.0,0.66,20.0,20.0,25.0,12.0,76.0,56
292,AllExternalPotentials.h,0.0,0.0,0.0,9.0,16.0,55.0,0.0,0.0,0.0,0.0,0.0,0.0,0.0,0.0,0.0,0.0,79.0,9.0,1.0,1.0,0.0,54.0,5.0,14.0,1.0,1.0,1.0,0.0,0.0,0.0,0.0,0.0,0.0,0.0,54.0,0.0,0.0,0.0,0.0,82.0,52
293,TwoStepBDNVTGPU.h,0.0,1.0,0.0,11.0,26.0,74.0,1.0,1.0,1.0,1.0,1.0,0.0,1.0,0.0,1.0,1.0,106.0,11.0,19.0,15.0,1.0,74.0,1.0,7.0,10.0,10.0,10.0,0.0,0.0,1.0,1.0,1.0,1.0,0.0,3.89,1.0,1.0,1.0,1.0,2.0,1
294,TwoStepBerendsenGPU.h,0.0,1.0,0.0,11.0,22.0,60.0,1.0,1.0,1.0,1.0,1.0,0.0,1.0,0.0,1.0,1.0,91.0,11.0,15.0,11.0,0.0,60.0,1.0,7.0,7.0,7.0,7.0,0.0,0.0,1.0,1.0,1.0,1.0,0.0,4.0,1.0,1.0,1.0,1.0,93.0,66
295,TwoStepNPTRigidGPU.h,0.0,1.0,0.0,14.0,39.0,76.0,1.0,1.0,1.0,1.0,1.0,0.0,1.0,0.0,1.0,1.0,114.0,14.0,32.0,28.0,1.0,76.0,1.0,7.0,20.0,20.0,20.0,0.0,0.0,1.0,1.0,1.0,1.0,0.0,2.38,1.0,1.0,1.0,1.0,31.0,24
296,CGCMMForceComputeGPU.h,0.0,0.0,0.0,15.0,24.0,67.0,0.0,0.0,0.0,0.0,0.0,0.0,0.0,0.0,1.0,0.0,104.0,15.0,14.0,10.0,0.0,67.0,1.0,10.0,10.0,10.0,10.0,0.0,0.0,0.0,0.0,0.0,0.0,0.0,4.79,0.0,0.0,0.0,0.0,95.0,66
297,TablePotentialGPU.h,0.0,4.0,0.0,12.0,28.0,67.0,1.0,1.0,1.0,1.0,4.0,0.0,4.0,0.0,1.0,2.0,106.0,12.0,19.0,10.0,4.0,67.0,1.0,9.0,8.0,10.0,7.0,0.0,3.0,1.0,1.0,1.0,1.0,0.0,3.53,2.0,2.0,2.0,2.0,106.0,75
298,TableAngleForceComputeGPU.h,0.0,4.0,0.0,12.0,28.0,68.0,1.0,1.0,1.0,1.0,4.0,0.0,4.0,0.0,1.0,2.0,106.0,12.0,19.0,10.0,4.0,68.0,1.0,9.0,9.0,11.0,8.0,0.0,3.0,1.0,1.0,1.0,1.0,0.0,3.58,2.0,2.0,2.0,2.0,106.0,75
299,FIREEnergyMinimizerRigidGPU.h,0.0,1.0,0.0,15.0,25.0,69.0,1.0,1.0,1.0,1.0,1.0,0.0,1.0,0.0,1.0,1.0,102.0,15.0,17.0,12.0,1.0,69.0,1.0,8.0,11.0,12.0,12.0,0.0,0.0,1.0,1.0,1.0,1.0,0.0,4.06,1.0,1.0,1.0,1.0,18.0,16
300,ConstraintSphereGPU.h,0.0,0.0,0.0,10.0,19.0,59.0,0.0,0.0,0.0,0.0,0.0,0.0,0.0,0.0,1.0,0.0,87.0,10.0,12.0,8.0,0.0,59.0,1.0,7.0,5.0,5.0,5.0,0.0,0.0,0.0,0.0,0.0,0.0,0.0,4.92,0.0,0.0,0.0,0.0,93.0,66
304,test_utils.cc,2.0,23.0,1.0,29.0,144.0,113.0,1.0,1.0,1.0,1.0,26.0,2.0,23.0,1.0,0.0,6.0,286.0,29.0,137.0,16.0,110.0,113.0,0.0,7.0,119.0,126.0,17.0,0.0,109.0,1.0,1.0,1.0,1.0,0.0,0.82,6.0,6.0,6.0,6.0,91.0,67
305,test_neighborlist.cc,6.0,25.0,3.0,115.0,481.0,132.0,1.0,1.0,1.0,1.0,33.0,6.0,25.0,3.0,0.0,17.0,728.0,111.0,425.0,107.0,257.0,109.0,69.0,16.0,398.0,425.0,103.0,0.0,322.0,5.0,5.0,5.0,1.0,2.0,0.26,25.0,25.0,25.0,17.0,136.0,96
306,test_npt_mtk_integrator.cc,7.0,50.0,7.0,79.0,428.0,113.0,3.0,3.0,3.0,1.0,63.0,7.0,47.0,7.0,0.0,7.0,612.0,75.0,337.0,163.0,219.0,109.0,69.0,34.0,244.0,268.0,130.0,0.0,138.0,11.0,11.0,11.0,1.0,3.0,0.32,22.0,22.0,22.0,7.0,130.0,90
307,test_table_angle_force.cc,8.0,39.0,7.0,46.0,213.0,85.0,1.0,1.0,1.0,1.0,53.0,8.0,39.0,7.0,0.0,3.0,342.0,36.0,119.0,41.0,80.0,74.0,97.0,21.0,91.0,98.0,44.0,0.0,54.0,2.0,2.0,2.0,1.0,1.0,0.62,4.0,4.0,4.0,3.0,106.0,74
308,PPPMForceComputeGPU.cc,7.0,41.0,4.0,51.0,216.0,93.0,3.0,3.0,4.0,1.0,50.0,7.0,41.0,4.0,0.0,5.0,352.0,51.0,207.0,59.0,134.0,93.0,1.0,9.0,103.0,123.0,59.0,4.0,60.0,11.0,11.0,14.0,1.0,2.0,0.45,16.0,16.0,19.0,5.0,114.0,83
309,TwoStepNVERigidGPU.cc,6.0,39.0,4.0,35.0,163.0,76.0,3.0,3.0,3.0,1.0,49.0,6.0,39.0,4.0,0.0,4.0,274.0,35.0,159.0,60.0,98.0,76.0,0.0,4.0,117.0,132.0,59.0,2.0,71.0,5.0,5.0,5.0,1.0,1.0,0.48,13.0,13.0,13.0,4.0,32.0,25
310,test_nve_integrator.cc,6.0,29.0,4.0,75.0,282.0,96.0,2.0,2.0,2.0,1.0,39.0,6.0,29.0,4.0,0.0,8.0,453.0,71.0,237.0,95.0,138.0,91.0,35.0,20.0,204.0,218.0,94.0,0.0,124.0,3.0,3.0,3.0,1.0,2.0,0.38,12.0,12.0,12.0,8.0,136.0,91
311,HOOMDInitializer.cc,4.0,29.0,4.0,140.0,790.0,248.0,6.0,6.0,6.0,1.0,36.0,4.0,29.0,4.0,0.0,27.0,1178.0,140.0,781.0,158.0,474.0,248.0,0.0,9.0,469.0,631.0,155.0,0.0,476.0,38.0,38.0,46.0,3.0,3.0,0.32,159.0,159.0,167.0,39.0,141.0,94
312,PotentialExternal.h,2.0,11.0,1.0,39.0,124.0,96.0,2.0,2.0,2.0,1.0,14.0,2.0,11.0,1.0,1.0,8.0,257.0,39.0,114.0,50.0,44.0,96.0,1.0,10.0,60.0,73.0,37.0,0.0,36.0,5.0,5.0,5.0,1.0,2.0,0.84,14.0,14.0,14.0,8.0,137.0,87
313,EvaluatorExternalPeriodic.h,2.0,17.0,1.0,21.0,85.0,96.0,2.0,2.0,2.0,1.0,20.0,2.0,17.0,1.0,1.0,3.0,195.0,21.0,64.0,23.0,34.0,96.0,2.0,21.0,39.0,47.0,19.0,0.0,28.0,5.0,5.0,5.0,1.0,1.0,1.5,7.0,7.0,7.0,3.0,89.0,58
315,PotentialExternalGPU.h,1.0,10.0,1.0,19.0,65.0,74.0,2.0,2.0,2.0,1.0,11.0,1.0,10.0,1.0,1.0,4.0,157.0,19.0,54.0,24.0,21.0,74.0,1.0,11.0,19.0,25.0,13.0,0.0,12.0,3.0,3.0,3.0,1.0,1.0,1.37,6.0,6.0,6.0,4.0,132.0,84
317,AllPairExtPotentials.h,0.0,0.0,0.0,8.0,17.0,56.0,0.0,0.0,0.0,0.0,0.0,0.0,0.0,0.0,0.0,0.0,80.0,8.0,1.0,1.0,0.0,52.0,8.0,15.0,1.0,1.0,1.0,0.0,0.0,0.0,0.0,0.0,0.0,0.0,52.0,0.0,0.0,0.0,0.0,17.0,15
318,AllBondExtPotentials.h,0.0,0.0,0.0,8.0,17.0,56.0,0.0,0.0,0.0,0.0,0.0,0.0,0.0,0.0,0.0,0.0,80.0,8.0,1.0,1.0,0.0,52.0,8.0,15.0,1.0,1.0,1.0,0.0,0.0,0.0,0.0,0.0,0.0,0.0,52.0,0.0,0.0,0.0,0.0,17.0,15
319,Integrator.cc,2.0,19.0,2.0,104.0,606.0,192.0,3.0,3.0,3.0,1.0,22.0,2.0,18.0,1.0,0.0,16.0,902.0,61.0,288.0,82.0,171.0,149.0,389.0,17.0,182.0,237.0,84.0,0.0,153.0,19.0,19.0,19.0,10.0,3.0,0.52,52.0,52.0,52.0,25.0,198.0,144
321,DCDDumpWriter.cc,4.0,24.0,3.0,66.0,279.0,137.0,3.0,3.0,3.0,1.0,31.0,4.0,23.0,3.0,0.0,11.0,475.0,66.0,254.0,56.0,169.0,136.0,12.0,15.0,158.0,192.0,47.0,0.0,145.0,9.0,9.0,10.0,3.0,3.0,0.54,33.0,33.0,36.0,13.0,104.0,76
322,MSDAnalyzer.cc,4.0,19.0,3.0,61.0,226.0,129.0,3.0,3.0,3.0,1.0,26.0,4.0,18.0,3.0,0.0,11.0,416.0,61.0,197.0,46.0,117.0,126.0,17.0,16.0,106.0,143.0,43.0,0.0,100.0,6.0,6.0,7.0,1.0,2.0,0.64,34.0,34.0,36.0,11.0,105.0,73
323,TextureTools.h,0.0,0.0,0.0,18.0,81.0,117.0,0.0,0.0,0.0,0.0,0.0,0.0,0.0,0.0,0.0,0.0,215.0,8.0,0.0,0.0,0.0,61.0,141.0,30.0,0.0,0.0,0.0,0.0,0.0,0.0,0.0,0.0,0.0,0.0,0.0,0.0,0.0,0.0,0.0,55.0,41
324,EvaluatorPairDPDLJThermo.h,1.0,7.0,1.0,43.0,135.0,169.0,1.0,1.0,2.0,1.0,9.0,1.0,7.0,1.0,1.0,12.0,334.0,43.0,105.0,41.0,46.0,169.0,4.0,30.0,54.0,71.0,39.0,0.0,32.0,4.0,4.0,5.0,1.0,2.0,1.61,17.0,17.0,19.0,12.0,63.0,49
325,saruprngCUDA.h,0.0,6.0,1.0,67.0,266.0,138.0,1.0,1.0,1.0,1.0,7.0,0.0,6.0,1.0,1.0,29.0,458.0,67.0,261.0,108.0,103.0,138.0,0.0,5.0,129.0,164.0,86.0,0.0,78.0,6.0,6.0,6.0,1.0,3.0,0.53,36.0,36.0,36.0,29.0,11.0,10
326,EvaluatorPairDPDThermo.h,1.0,6.0,1.0,41.0,124.0,168.0,1.0,1.0,1.0,1.0,9.0,1.0,6.0,1.0,1.0,12.0,321.0,41.0,94.0,38.0,40.0,168.0,4.0,30.0,49.0,65.0,37.0,0.0,28.0,3.0,3.0,3.0,1.0,2.0,1.79,15.0,15.0,15.0,12.0,63.0,49
327,TableDihedralForceCompute.cc,8.0,32.0,7.0,73.0,230.0,115.0,4.0,4.0,4.0,1.0,45.0,8.0,32.0,7.0,0.0,7.0,408.0,73.0,223.0,88.0,165.0,115.0,0.0,7.0,174.0,203.0,82.0,0.0,121.0,16.0,16.0,19.0,1.0,2.0,0.52,27.0,27.0,31.0,7.0,104.0,73
328,test_messenger.cc,5.0,22.0,3.0,35.0,123.0,67.0,1.0,1.0,1.0,1.0,30.0,5.0,22.0,3.0,0.0,5.0,224.0,35.0,115.0,17.0,85.0,67.0,0.0,8.0,98.0,106.0,20.0,0.0,86.0,1.0,1.0,1.0,1.0,0.0,0.58,5.0,5.0,5.0,5.0,91.0,67
329,test_harmonic_improper_force.cc,15.0,78.0,22.0,81.0,349.0,143.0,2.0,2.0,2.0,1.0,113.0,15.0,78.0,22.0,0.0,4.0,565.0,79.0,316.0,68.0,248.0,140.0,22.0,17.0,268.0,276.0,68.0,0.0,208.0,3.0,3.0,3.0,1.0,1.0,0.44,6.0,6.0,6.0,4.0,106.0,74
330,Enforce2DUpdater.cc,1.0,9.0,1.0,15.0,41.0,59.0,2.0,2.0,2.0,1.0,10.0,1.0,9.0,1.0,0.0,4.0,115.0,15.0,36.0,9.0,15.0,59.0,0.0,5.0,17.0,27.0,9.0,0.0,18.0,4.0,4.0,4.0,1.0,1.0,1.64,8.0,8.0,8.0,4.0,89.0,63
331,HOOMDVersion.cc,10.0,32.0,2.0,26.0,72.0,58.0,1.0,1.0,1.0,1.0,44.0,9.0,11.0,2.0,0.0,2.0,156.0,25.0,22.0,4.0,13.0,58.0,18.0,36.0,16.0,19.0,5.0,0.0,14.0,1.0,1.0,1.0,1.0,0.0,2.64,2.0,2.0,2.0,2.0,59.0,45
332,test_lj_wall_force.cc,7.0,38.0,6.0,33.0,127.0,74.0,1.0,1.0,1.0,1.0,49.0,7.0,38.0,6.0,0.0,3.0,228.0,33.0,118.0,32.0,82.0,74.0,0.0,9.0,108.0,113.0,33.0,0.0,80.0,1.0,1.0,1.0,1.0,0.0,0.63,3.0,3.0,3.0,3.0,12.0,5
339,test_opls_dihedral_force.cc,17.0,100.0,7.0,85.0,444.0,85.0,2.0,2.0,2.0,1.0,123.0,17.0,100.0,7.0,0.0,4.0,610.0,82.0,404.0,82.0,335.0,81.0,31.0,17.0,313.0,324.0,82.0,0.0,242.0,6.0,6.0,6.0,1.0,2.0,0.2,9.0,9.0,9.0,4.0,106.0,74
340,test_vec3.cc,3.0,23.0,1.0,43.0,217.0,61.0,1.0,1.0,1.0,1.0,28.0,3.0,23.0,1.0,0.0,9.0,321.0,43.0,208.0,45.0,148.0,61.0,0.0,9.0,181.0,190.0,45.0,0.0,145.0,1.0,1.0,1.0,1.0,0.0,0.29,9.0,9.0,9.0,9.0,101.0,71
341,HarmonicDihedralForceCompute.cc,7.0,33.0,4.0,67.0,240.0,100.0,4.0,4.0,4.0,1.0,44.0,7.0,33.0,4.0,0.0,7.0,405.0,67.0,233.0,85.0,181.0,100.0,0.0,7.0,188.0,217.0,85.0,0.0,132.0,16.0,16.0,19.0,1.0,2.0,0.43,27.0,27.0,31.0,7.0,89.0,63
342,test_dpd_integrator.cc,5.0,23.0,2.0,39.0,126.0,62.0,2.0,2.0,2.0,1.0,31.0,5.0,23.0,2.0,0.0,4.0,227.0,39.0,97.0,36.0,57.0,62.0,9.0,21.0,75.0,85.0,36.0,0.0,49.0,5.0,5.0,6.0,1.0,2.0,0.64,8.0,8.0,9.0,4.0,116.0,81
343,PotentialPairDPDThermoGPU.h,0.0,0.0,0.0,33.0,144.0,109.0,0.0,0.0,0.0,0.0,0.0,0.0,0.0,0.0,0.0,0.0,280.0,3.0,0.0,0.0,0.0,51.0,223.0,16.0,0.0,0.0,0.0,0.0,0.0,0.0,0.0,0.0,0.0,0.0,0.0,0.0,0.0,0.0,0.0,136.0,93
345,num_util.cc,0.0,6.0,0.0,68.0,360.0,20.0,1.0,1.0,1.0,1.0,7.0,0.0,6.0,0.0,0.0,44.0,447.0,68.0,359.0,141.0,196.0,20.0,0.0,1.0,150.0,216.0,81.0,0.0,135.0,3.0,3.0,3.0,1.0,1.0,0.06,63.0,63.0,63.0,44.0,74.0,46
346,TempRescaleUpdater.cc,2.0,15.0,1.0,25.0,84.0,67.0,2.0,2.0,2.0,1.0,19.0,2.0,15.0,1.0,0.0,5.0,176.0,25.0,79.0,20.0,40.0,67.0,0.0,5.0,40.0,54.0,18.0,0.0,36.0,8.0,8.0,8.0,1.0,3.0,0.85,12.0,12.0,12.0,5.0,111.0,81
352,TwoStepBerendsenGPU.cc,4.0,20.0,2.0,25.0,86.0,69.0,3.0,3.0,3.0,1.0,26.0,4.0,20.0,2.0,0.0,4.0,180.0,25.0,82.0,25.0,52.0,69.0,0.0,4.0,34.0,49.0,21.0,2.0,26.0,5.0,5.0,5.0,1.0,1.0,0.84,13.0,13.0,13.0,4.0,111.0,77
358,doxygen_dummy.h,0.0,0.0,0.0,0.0,6.0,4.0,0.0,0.0,0.0,0.0,0.0,0.0,0.0,0.0,1.0,0.0,9.0,0.0,6.0,5.0,0.0,4.0,0.0,0.0,2.0,3.0,3.0,0.0,0.0,0.0,0.0,0.0,0.0,0.0,0.67,0.0,0.0,0.0,0.0,0.0,0
359,FIREEnergyMinimizerRigid.cc,8.0,35.0,4.0,51.0,178.0,82.0,5.0,5.0,5.0,2.0,46.0,8.0,35.0,4.0,0.0,5.0,308.0,51.0,175.0,38.0,114.0,82.0,0.0,3.0,108.0,132.0,34.0,0.0,98.0,16.0,16.0,19.0,6.0,2.0,0.47,23.0,23.0,26.0,10.0,27.0,22
360,Communicator.cc,0.0,0.0,0.0,357.0,1258.0,257.0,0.0,0.0,0.0,0.0,0.0,0.0,0.0,0.0,0.0,0.0,1857.0,3.0,0.0,0.0,0.0,53.0,1800.0,10.0,0.0,0.0,0.0,0.0,0.0,0.0,0.0,0.0,0.0,0.0,0.0,0.0,0.0,0.0,0.0,223.0,158
361,CallbackAnalyzer.cc,0.0,5.0,0.0,12.0,32.0,59.0,1.0,1.0,1.0,1.0,5.0,0.0,5.0,0.0,0.0,4.0,103.0,12.0,23.0,7.0,6.0,59.0,1.0,9.0,7.0,14.0,7.0,0.0,7.0,1.0,1.0,1.0,1.0,0.0,2.57,4.0,4.0,4.0,4.0,97.0,69
362,test_berendsen_integrator.cc,9.0,29.0,3.0,31.0,78.0,61.0,5.0,5.0,5.0,1.0,40.0,9.0,29.0,3.0,0.0,2.0,170.0,31.0,60.0,20.0,32.0,60.0,6.0,14.0,50.0,61.0,21.0,2.0,38.0,8.0,8.0,8.0,1.0,2.0,1.0,9.0,9.0,9.0,2.0,102.0,72
363,test_slj_force.cc,8.0,46.0,7.0,70.0,320.0,103.0,2.0,2.0,2.0,1.0,60.0,8.0,46.0,7.0,0.0,6.0,492.0,66.0,281.0,92.0,215.0,99.0,33.0,14.0,226.0,238.0,90.0,0.0,148.0,5.0,5.0,5.0,1.0,2.0,0.35,10.0,10.0,10.0,6.0,124.0,85
364,test_pdata.cc,17.0,94.0,7.0,118.0,570.0,129.0,3.0,3.0,3.0,1.0,116.0,17.0,94.0,7.0,0.0,6.0,809.0,118.0,563.0,94.0,474.0,129.0,0.0,7.0,523.0,541.0,96.0,0.0,445.0,10.0,10.0,13.0,4.0,3.0,0.23,16.0,16.0,19.0,9.0,110.0,75
365,IntegratorTwoStep.cc,2.0,12.0,2.0,57.0,198.0,126.0,3.0,3.0,3.0,1.0,16.0,2.0,11.0,2.0,0.0,15.0,381.0,55.0,165.0,26.0,97.0,119.0,29.0,14.0,94.0,137.0,26.0,0.0,111.0,12.0,12.0,15.0,3.0,2.0,0.72,41.0,41.0,45.0,17.0,148.0,102
366,IntegratorData.h,0.0,3.0,0.0,19.0,45.0,97.0,1.0,1.0,1.0,1.0,3.0,0.0,3.0,0.0,1.0,7.0,157.0,19.0,37.0,17.0,5.0,97.0,1.0,8.0,15.0,22.0,15.0,0.0,7.0,1.0,1.0,1.0,1.0,0.0,2.62,7.0,7.0,7.0,7.0,81.0,62
368,test_table_potential.cc,6.0,48.0,3.0,49.0,274.0,76.0,1.0,1.0,1.0,1.0,57.0,6.0,48.0,3.0,0.0,5.0,399.0,48.0,244.0,57.0,177.0,73.0,23.0,12.0,211.0,218.0,55.0,0.0,163.0,1.0,1.0,1.0,1.0,0.0,0.3,5.0,5.0,5.0,5.0,123.0,84
369,SignalHandler.cc,2.0,11.0,3.0,12.0,28.0,63.0,3.0,3.0,5.0,1.0,16.0,2.0,11.0,3.0,0.0,2.0,103.0,12.0,25.0,5.0,16.0,63.0,0.0,3.0,12.0,20.0,7.0,0.0,13.0,3.0,3.0,6.0,1.0,1.0,2.52,6.0,6.0,9.0,2.0,55.0,41
370,PPPMForceCompute.cc,7.0,43.0,2.0,161.0,779.0,106.0,6.0,6.0,8.0,1.0,51.0,7.0,43.0,2.0,0.0,18.0,1044.0,161.0,772.0,216.0,522.0,106.0,0.0,7.0,622.0,734.0,207.0,1.0,526.0,18.0,18.0,37.0,1.0,7.0,0.14,113.0,113.0,142.0,18.0,138.0,101
371,kiss_fft.h,0.0,0.0,0.0,20.0,47.0,59.0,0.0,0.0,0.0,0.0,0.0,0.0,0.0,0.0,0.0,0.0,126.0,20.0,12.0,12.0,0.0,58.0,12.0,35.0,9.0,9.0,9.0,0.0,0.0,0.0,0.0,0.0,0.0,0.0,4.83,0.0,0.0,0.0,0.0,12.0,10
374,sparsematrix.h,1.0,17.0,1.0,22.0,66.0,40.0,5.0,5.0,6.0,3.0,19.0,1.0,17.0,1.0,0.0,2.0,124.0,22.0,64.0,40.0,23.0,40.0,0.0,2.0,38.0,48.0,31.0,0.0,17.0,6.0,6.0,8.0,6.0,4.0,0.62,10.0,10.0,12.0,7.0,7.0,6
377,module.cc,1.0,7.0,0.0,5.0,10.0,52.0,1.0,1.0,1.0,1.0,8.0,1.0,4.0,0.0,0.0,1.0,67.0,5.0,5.0,1.0,1.0,52.0,1.0,4.0,2.0,4.0,2.0,0.0,2.0,1.0,1.0,1.0,1.0,0.0,10.4,1.0,1.0,1.0,1.0,463.0,336
378,test_cgcmm_force.cc,8.0,46.0,7.0,85.0,413.0,125.0,2.0,2.0,2.0,1.0,60.0,8.0,46.0,7.0,0.0,8.0,621.0,81.0,368.0,115.0,281.0,119.0,39.0,17.0,292.0,306.0,117.0,0.0,189.0,5.0,5.0,5.0,1.0,2.0,0.32,12.0,12.0,12.0,8.0,124.0,84
379,test_hoomd_xml.cc,119.0,266.0,52.0,368.0,814.0,211.0,2.0,2.0,2.0,1.0,418.0,119.0,266.0,52.0,0.0,3.0,1334.0,368.0,802.0,104.0,677.0,211.0,0.0,12.0,753.0,762.0,107.0,0.0,655.0,3.0,3.0,3.0,1.0,2.0,0.26,6.0,6.0,6.0,3.0,142.0,96
380,TableDihedralForceComputeGPU.cc,4.0,20.0,2.0,22.0,66.0,69.0,2.0,2.0,2.0,1.0,26.0,4.0,20.0,2.0,0.0,3.0,157.0,22.0,62.0,16.0,33.0,69.0,0.0,4.0,24.0,34.0,15.0,1.0,18.0,4.0,4.0,4.0,1.0,1.0,1.11,7.0,7.0,7.0,3.0,95.0,66
381,CellList.cc,6.0,29.0,4.0,119.0,466.0,131.0,6.0,6.0,7.0,1.0,39.0,6.0,28.0,4.0,0.0,16.0,716.0,119.0,451.0,106.0,299.0,131.0,7.0,8.0,246.0,331.0,106.0,0.0,225.0,24.0,24.0,39.0,5.0,7.0,0.29,97.0,97.0,116.0,20.0,148.0,109
382,IntegrationMethodTwoStep.cc,1.0,11.0,0.0,21.0,83.0,88.0,2.0,2.0,2.0,1.0,12.0,1.0,11.0,0.0,0.0,7.0,192.0,21.0,75.0,18.0,37.0,88.0,2.0,7.0,30.0,45.0,15.0,0.0,30.0,5.0,5.0,6.0,1.0,3.0,1.17,14.0,14.0,15.0,7.0,131.0,91
383,test_system.cc,4.0,33.0,3.0,45.0,258.0,153.0,4.0,4.0,4.0,1.0,39.0,4.0,33.0,3.0,3.0,7.0,453.0,45.0,250.0,30.0,140.0,153.0,0.0,8.0,124.0,139.0,26.0,0.0,113.0,15.0,15.0,15.0,1.0,1.0,0.61,27.0,27.0,27.0,7.0,101.0,72
389,EAMForceCompute.cc,8.0,37.0,6.0,85.0,343.0,122.0,7.0,7.0,7.0,1.0,52.0,8.0,37.0,6.0,0.0,9.0,550.0,85.0,336.0,89.0,223.0,122.0,0.0,7.0,250.0,313.0,87.0,2.0,224.0,35.0,35.0,40.0,5.0,4.0,0.36,60.0,60.0,65.0,16.0,144.0,94
390,TwoStepNPTRigidGPU.cc,16.0,79.0,6.0,74.0,321.0,94.0,6.0,6.0,6.0,1.0,101.0,16.0,79.0,6.0,0.0,4.0,488.0,74.0,317.0,109.0,200.0,94.0,0.0,4.0,238.0,262.0,101.0,5.0,156.0,10.0,10.0,10.0,1.0,1.0,0.3,22.0,22.0,22.0,4.0,32.0,25
392,test_ewald_force.cc,7.0,34.0,5.0,47.0,175.0,80.0,2.0,2.0,2.0,1.0,46.0,7.0,34.0,5.0,0.0,4.0,302.0,45.0,140.0,44.0,95.0,77.0,25.0,15.0,115.0,125.0,42.0,0.0,83.0,5.0,5.0,5.0,1.0,2.0,0.55,8.0,8.0,8.0,4.0,88.0,59
394,TwoStepNVT.cc,4.0,18.0,2.0,46.0,154.0,88.0,2.0,2.0,2.0,1.0,24.0,4.0,17.0,2.0,0.0,8.0,288.0,46.0,137.0,49.0,86.0,87.0,10.0,10.0,78.0,98.0,43.0,0.0,55.0,6.0,6.0,6.0,1.0,1.0,0.64,19.0,19.0,19.0,8.0,41.0,31
395,test_binary_reader_writer.cc,36.0,142.0,17.0,41.0,157.0,71.0,1.0,1.0,1.0,1.0,195.0,36.0,142.0,17.0,0.0,1.0,269.0,41.0,145.0,48.0,101.0,71.0,0.0,12.0,134.0,138.0,51.0,0.0,87.0,1.0,1.0,1.0,1.0,0.0,0.49,1.0,1.0,1.0,1.0,12.0,5
396,HOOMDBinaryDumpWriter.cc,6.0,41.0,4.0,66.0,342.0,97.0,6.0,6.0,6.0,1.0,50.0,6.0,40.0,4.0,0.0,8.0,505.0,66.0,320.0,95.0,213.0,97.0,4.0,19.0,239.0,292.0,97.0,0.0,195.0,35.0,35.0,37.0,1.0,2.0,0.3,49.0,49.0,51.0,8.0,12.0,5
400,PathUtils.cc,9.0,37.0,4.0,17.0,52.0,59.0,2.0,2.0,2.0,1.0,50.0,7.0,13.0,2.0,0.0,1.0,128.0,15.0,13.0,5.0,9.0,57.0,21.0,27.0,9.0,11.0,5.0,0.0,6.0,2.0,2.0,2.0,1.0,1.0,4.38,2.0,2.0,2.0,1.0,17.0,15
402,Variant.cc,3.0,14.0,3.0,19.0,61.0,70.0,3.0,3.0,4.0,1.0,19.0,3.0,14.0,3.0,0.0,4.0,150.0,19.0,57.0,10.0,39.0,70.0,0.0,4.0,31.0,43.0,12.0,0.0,31.0,7.0,7.0,11.0,4.0,1.0,1.23,10.0,10.0,14.0,7.0,98.0,70
403,test_quat.cc,4.0,28.0,3.0,38.0,207.0,68.0,1.0,1.0,1.0,1.0,33.0,4.0,28.0,3.0,0.0,7.0,305.0,38.0,198.0,45.0,148.0,68.0,0.0,9.0,177.0,184.0,45.0,0.0,139.0,1.0,1.0,1.0,1.0,0.0,0.34,7.0,7.0,7.0,7.0,100.0,71
405,ForceCompute.cc,1.0,13.0,1.0,35.0,180.0,107.0,2.0,2.0,2.0,1.0,15.0,1.0,9.0,1.0,1.0,13.0,322.0,35.0,127.0,43.0,63.0,106.0,33.0,22.0,68.0,92.0,45.0,0.0,47.0,2.0,2.0,3.0,1.0,1.0,0.83,21.0,21.0,22.0,13.0,110.0,79
406,hoomd.cc,6.0,41.0,7.0,24.0,105.0,75.0,5.0,5.0,5.0,2.0,52.0,6.0,32.0,7.0,0.0,2.0,200.0,24.0,67.0,12.0,41.0,75.0,15.0,25.0,39.0,52.0,15.0,0.0,37.0,6.0,6.0,6.0,3.0,2.0,1.12,10.0,10.0,10.0,4.0,17.0,15
407,EvaluatorPairMoliere.h,1.0,5.0,1.0,21.0,62.0,103.0,1.0,1.0,2.0,1.0,7.0,1.0,5.0,1.0,1.0,7.0,181.0,21.0,48.0,24.0,22.0,103.0,1.0,14.0,25.0,35.0,23.0,0.0,12.0,3.0,3.0,5.0,1.0,2.0,2.15,9.0,9.0,11.0,7.0,62.0,47
408,test_particle_group.cc,4.0,25.0,3.0,75.0,363.0,107.0,2.0,2.0,2.0,1.0,32.0,4.0,25.0,3.0,0.0,14.0,544.0,75.0,356.0,120.0,229.0,107.0,0.0,7.0,318.0,350.0,116.0,0.0,234.0,7.0,7.0,7.0,1.0,2.0,0.3,24.0,24.0,24.0,14.0,102.0,72
409,NeighborListGPUBinned.cc,4.0,24.0,3.0,57.0,245.0,78.0,4.0,4.0,6.0,1.0,31.0,4.0,23.0,3.0,0.0,10.0,380.0,57.0,234.0,44.0,167.0,77.0,3.0,10.0,107.0,147.0,40.0,7.0,100.0,17.0,17.0,25.0,1.0,2.0,0.33,40.0,40.0,56.0,10.0,137.0,95
412,PDBDumpWriter.cc,4.0,22.0,6.0,37.0,118.0,103.0,3.0,3.0,4.0,1.0,32.0,4.0,22.0,6.0,0.0,5.0,258.0,37.0,111.0,29.0,61.0,103.0,0.0,7.0,62.0,77.0,28.0,0.0,49.0,10.0,10.0,15.0,1.0,2.0,0.93,16.0,16.0,21.0,5.0,20.0,15
413,FIREEnergyMinimizerRigidGPU.cc,14.0,56.0,2.0,68.0,230.0,70.0,7.0,7.0,8.0,2.0,72.0,14.0,56.0,2.0,0.0,4.0,368.0,68.0,224.0,51.0,141.0,70.0,0.0,6.0,147.0,178.0,48.0,5.0,125.0,23.0,23.0,26.0,5.0,2.0,0.31,29.0,29.0,32.0,8.0,27.0,22
418,MPITestSetup.h,0.0,0.0,0.0,9.0,18.0,53.0,0.0,0.0,0.0,0.0,0.0,0.0,0.0,0.0,0.0,0.0,79.0,1.0,0.0,0.0,0.0,49.0,28.0,3.0,0.0,0.0,0.0,0.0,0.0,0.0,0.0,0.0,0.0,0.0,0.0,0.0,0.0,0.0,0.0,167.0,128
419,test_harmonic_angle_force.cc,13.0,66.0,13.0,75.0,302.0,109.0,2.0,2.0,2.0,1.0,91.0,13.0,66.0,13.0,0.0,4.0,482.0,71.0,266.0,71.0,204.0,106.0,27.0,17.0,223.0,234.0,73.0,0.0,161.0,6.0,6.0,6.0,1.0,2.0,0.4,9.0,9.0,9.0,4.0,106.0,74
421,TablePotentialGPU.cc,3.0,21.0,3.0,19.0,71.0,72.0,3.0,3.0,3.0,1.0,27.0,3.0,21.0,3.0,0.0,3.0,162.0,19.0,67.0,18.0,40.0,72.0,0.0,4.0,27.0,38.0,16.0,1.0,21.0,5.0,5.0,5.0,1.0,1.0,1.07,8.0,8.0,8.0,3.0,119.0,81
422,test_force_shifted_lj.cc,3.0,18.0,0.0,26.0,85.0,60.0,1.0,1.0,1.0,1.0,22.0,3.0,18.0,0.0,0.0,3.0,171.0,26.0,58.0,25.0,34.0,58.0,14.0,15.0,43.0,48.0,25.0,0.0,23.0,1.0,1.0,1.0,1.0,0.0,1.0,3.0,3.0,3.0,3.0,123.0,84
423,test_temp_rescale_updater.cc,9.0,31.0,7.0,44.0,127.0,81.0,1.0,1.0,1.0,1.0,47.0,9.0,31.0,7.0,0.0,3.0,252.0,41.0,96.0,29.0,59.0,76.0,28.0,12.0,91.0,96.0,31.0,0.0,65.0,1.0,1.0,1.0,1.0,0.0,0.79,3.0,3.0,3.0,3.0,103.0,74
424,TableAngleForceComputeGPU.cc,4.0,20.0,2.0,20.0,66.0,69.0,2.0,2.0,2.0,1.0,26.0,4.0,20.0,2.0,0.0,3.0,155.0,20.0,62.0,16.0,33.0,69.0,0.0,4.0,24.0,34.0,15.0,1.0,18.0,4.0,4.0,4.0,1.0,1.0,1.11,7.0,7.0,7.0,3.0,95.0,66
425,SystemDefinition.cc,5.0,28.0,1.0,48.0,232.0,101.0,4.0,4.0,5.0,1.0,35.0,5.0,27.0,1.0,0.0,7.0,381.0,48.0,218.0,34.0,125.0,99.0,7.0,10.0,82.0,120.0,27.0,0.0,93.0,12.0,12.0,12.0,1.0,2.0,0.45,31.0,31.0,32.0,7.0,136.0,94
426,OPLSDihedralForceCompute.cc,7.0,33.0,5.0,67.0,237.0,106.0,3.0,3.0,3.0,1.0,45.0,7.0,33.0,5.0,0.0,7.0,410.0,67.0,231.0,31.0,176.0,106.0,0.0,6.0,187.0,209.0,31.0,0.0,178.0,11.0,11.0,14.0,1.0,2.0,0.46,20.0,20.0,23.0,7.0,89.0,63
427,Messenger.cc,1.0,15.0,1.0,53.0,277.0,116.0,2.0,2.0,2.0,1.0,17.0,1.0,10.0,0.0,0.0,14.0,446.0,35.0,135.0,14.0,86.0,95.0,147.0,35.0,66.0,88.0,16.0,0.0,72.0,4.0,4.0,5.0,1.0,2.0,0.7,23.0,23.0,24.0,14.0,98.0,70
428,test_constraint_sphere.cc,4.0,18.0,2.0,27.0,88.0,64.0,2.0,2.0,2.0,1.0,23.0,4.0,18.0,2.0,0.0,3.0,179.0,27.0,59.0,29.0,27.0,62.0,15.0,17.0,40.0,47.0,25.0,0.0,22.0,3.0,3.0,3.0,1.0,2.0,1.05,5.0,5.0,5.0,3.0,116.0,79
429,TwoStepNVTMTK.cc,5.0,21.0,4.0,59.0,175.0,101.0,3.0,3.0,3.0,1.0,30.0,5.0,19.0,4.0,0.0,8.0,335.0,59.0,156.0,54.0,102.0,100.0,12.0,10.0,95.0,116.0,48.0,0.0,68.0,6.0,6.0,6.0,1.0,1.0,0.64,20.0,20.0,20.0,8.0,124.0,88
430,test_const_external_field_dipole.cc,7.0,33.0,4.0,35.0,116.0,69.0,1.0,1.0,1.0,1.0,43.0,7.0,33.0,4.0,0.0,3.0,217.0,35.0,104.0,26.0,77.0,69.0,0.0,12.0,88.0,93.0,27.0,0.0,66.0,1.0,1.0,1.0,1.0,0.0,0.66,3.0,3.0,3.0,3.0,18.0,15
431,ConstraintSphereGPU.cc,3.0,18.0,1.0,20.0,61.0,62.0,3.0,3.0,3.0,1.0,22.0,3.0,18.0,1.0,0.0,3.0,143.0,20.0,57.0,17.0,33.0,62.0,0.0,4.0,22.0,33.0,15.0,1.0,17.0,5.0,5.0,5.0,1.0,1.0,1.09,8.0,8.0,8.0,3.0,95.0,66
433,test_harmonic_bond_force.cc,8.0,55.0,7.0,68.0,363.0,104.0,2.0,2.0,2.0,1.0,70.0,8.0,55.0,7.0,0.0,6.0,535.0,66.0,335.0,88.0,254.0,101.0,20.0,13.0,272.0,285.0,90.0,0.0,195.0,6.0,6.0,6.0,1.0,2.0,0.3,11.0,11.0,11.0,6.0,106.0,74
434,TwoStepBDNVTGPU.cc,4.0,31.0,3.0,28.0,133.0,81.0,3.0,3.0,3.0,1.0,38.0,4.0,29.0,3.0,0.0,4.0,242.0,28.0,119.0,36.0,74.0,81.0,5.0,10.0,58.0,72.0,31.0,2.0,39.0,5.0,5.0,5.0,1.0,1.0,0.68,12.0,12.0,12.0,4.0,10.0,7
435,test_cell_list.cc,9.0,51.0,5.0,95.0,436.0,101.0,4.0,4.0,7.0,1.0,65.0,9.0,51.0,5.0,0.0,8.0,632.0,95.0,411.0,74.0,307.0,99.0,11.0,17.0,314.0,345.0,72.0,0.0,273.0,13.0,13.0,41.0,1.0,2.0,0.24,29.0,29.0,57.0,8.0,101.0,71
436,ExampleUpdater.cc,1.0,8.0,1.0,23.0,52.0,73.0,2.0,2.0,2.0,1.0,9.0,1.0,8.0,1.0,0.0,3.0,147.0,14.0,25.0,7.0,10.0,65.0,37.0,8.0,12.0,18.0,6.0,0.0,12.0,4.0,4.0,4.0,1.0,1.0,2.6,6.0,6.0,6.0,3.0,66.0,53
438,test_bdnvt_integrator.cc,9.0,44.0,6.0,108.0,453.0,118.0,5.0,5.0,5.0,1.0,59.0,9.0,44.0,6.0,0.0,9.0,677.0,105.0,405.0,146.0,238.0,113.0,38.0,19.0,326.0,377.0,140.0,0.0,237.0,16.0,16.0,16.0,1.0,3.0,0.28,49.0,49.0,49.0,9.0,18.0,11
439,TwoStepNVTRigid.cc,8.0,33.0,3.0,91.0,303.0,100.0,3.0,3.0,3.0,1.0,44.0,8.0,33.0,3.0,0.0,9.0,493.0,91.0,299.0,69.0,200.0,100.0,0.0,4.0,214.0,246.0,62.0,0.0,184.0,6.0,6.0,6.0,5.0,2.0,0.33,31.0,31.0,31.0,13.0,32.0,25
440,TwoStepNPTMTK.cc,12.0,59.0,12.0,127.0,537.0,192.0,9.0,9.0,10.0,1.0,77.0,12.0,55.0,12.0,0.0,9.0,806.0,126.0,502.0,165.0,363.0,190.0,30.0,8.0,293.0,351.0,123.0,0.0,228.0,23.0,23.0,28.0,3.0,2.0,0.38,80.0,80.0,93.0,11.0,130.0,93
441,test_mie_force.cc,9.0,52.0,6.0,76.0,346.0,103.0,2.0,2.0,2.0,1.0,66.0,9.0,52.0,6.0,0.0,6.0,524.0,73.0,314.0,120.0,222.0,93.0,30.0,15.0,266.0,278.0,120.0,0.0,158.0,5.0,5.0,5.0,1.0,2.0,0.3,10.0,10.0,10.0,6.0,124.0,85
442,_kiss_fft_guts.h,0.0,0.0,0.0,25.0,104.0,38.0,0.0,0.0,0.0,0.0,0.0,0.0,0.0,0.0,0.0,0.0,164.0,15.0,6.0,5.0,0.0,34.0,52.0,98.0,5.0,5.0,5.0,0.0,0.0,0.0,0.0,0.0,0.0,0.0,5.67,0.0,0.0,0.0,0.0,7.0,6
446,test_communication.cc,0.0,0.0,0.0,463.0,2136.0,353.0,0.0,0.0,0.0,0.0,0.0,0.0,0.0,0.0,0.0,0.0,2873.0,1.0,0.0,0.0,0.0,49.0,2822.0,26.0,0.0,0.0,0.0,0.0,0.0,0.0,0.0,0.0,0.0,0.0,0.0,0.0,0.0,0.0,0.0,151.0,103
447,FIREEnergyMinimizerGPU.cc,10.0,34.0,2.0,60.0,177.0,70.0,5.0,5.0,5.0,1.0,45.0,10.0,34.0,2.0,0.0,5.0,306.0,60.0,172.0,38.0,109.0,70.0,0.0,5.0,95.0,122.0,38.0,5.0,79.0,19.0,19.0,21.0,3.0,2.0,0.41,25.0,25.0,27.0,7.0,114.0,79
448,TwoStepNVERigid.cc,11.0,41.0,5.0,163.0,535.0,160.0,5.0,5.0,5.0,1.0,56.0,11.0,41.0,5.0,0.0,13.0,855.0,163.0,530.0,181.0,349.0,160.0,0.0,5.0,383.0,453.0,165.0,0.0,288.0,16.0,16.0,16.0,1.0,4.0,0.3,68.0,68.0,68.0,13.0,31.0,24
449,vmdsock.cc,1.0,12.0,0.0,36.0,161.0,27.0,2.0,2.0,2.0,0.0,13.0,1.0,10.0,0.0,0.0,11.0,220.0,34.0,108.0,37.0,70.0,25.0,20.0,36.0,68.0,86.0,32.0,0.0,54.0,3.0,3.0,3.0,1.0,2.0,0.23,20.0,20.0,22.0,11.0,7.0,6
454,EvaluatorPairSLJ.h,0.0,6.0,0.0,17.0,65.0,115.0,1.0,1.0,1.0,1.0,6.0,0.0,6.0,0.0,1.0,7.0,191.0,17.0,51.0,26.0,22.0,115.0,1.0,14.0,26.0,35.0,24.0,0.0,11.0,3.0,3.0,4.0,1.0,2.0,2.25,9.0,9.0,10.0,7.0,62.0,47
455,IntegratorData.cc,2.0,10.0,3.0,6.0,11.0,55.0,2.0,2.0,2.0,1.0,15.0,2.0,10.0,3.0,0.0,1.0,72.0,6.0,10.0,2.0,5.0,55.0,0.0,1.0,4.0,6.0,2.0,0.0,4.0,2.0,2.0,2.0,1.0,1.0,5.5,2.0,2.0,2.0,1.0,55.0,41
456,Enforce2DUpdaterGPU.cc,2.0,10.0,1.0,15.0,36.0,61.0,2.0,2.0,2.0,1.0,12.0,2.0,10.0,1.0,0.0,3.0,112.0,15.0,32.0,6.0,16.0,61.0,0.0,4.0,14.0,24.0,8.0,1.0,15.0,4.0,4.0,4.0,1.0,1.0,1.91,7.0,7.0,7.0,3.0,95.0,66
458,EvaluatorBondHarmonicDPD.h,0.0,4.0,0.0,20.0,59.0,91.0,1.0,1.0,1.0,1.0,5.0,0.0,4.0,0.0,1.0,7.0,164.0,20.0,40.0,21.0,14.0,91.0,2.0,19.0,20.0,29.0,18.0,0.0,11.0,3.0,3.0,3.0,1.0,1.0,2.27,9.0,9.0,9.0,7.0,18.0,16
459,CGCMMForceCompute.cc,6.0,24.0,6.0,61.0,200.0,143.0,3.0,3.0,3.0,1.0,36.0,6.0,24.0,6.0,0.0,8.0,404.0,61.0,196.0,54.0,139.0,143.0,0.0,4.0,149.0,174.0,51.0,0.0,123.0,13.0,13.0,13.0,1.0,5.0,0.73,23.0,23.0,24.0,8.0,113.0,76
460,CommunicatorGPU.cc,0.0,0.0,0.0,417.0,1757.0,304.0,0.0,0.0,0.0,0.0,0.0,0.0,0.0,0.0,0.0,0.0,2461.0,3.0,0.0,0.0,0.0,53.0,2404.0,62.0,0.0,0.0,0.0,0.0,0.0,0.0,0.0,0.0,0.0,0.0,0.0,0.0,0.0,0.0,0.0,184.0,134
461,EvaluatorPairEwald.h,0.0,4.0,0.0,18.0,54.0,102.0,1.0,1.0,1.0,1.0,5.0,0.0,4.0,0.0,1.0,7.0,169.0,18.0,40.0,19.0,14.0,102.0,1.0,14.0,18.0,26.0,17.0,0.0,9.0,2.0,2.0,3.0,1.0,1.0,2.55,8.0,8.0,9.0,7.0,77.0,60
462,TwoStepNVTGPU.cc,5.0,27.0,4.0,32.0,116.0,82.0,3.0,3.0,3.0,1.0,36.0,5.0,24.0,3.0,0.0,4.0,230.0,32.0,96.0,29.0,63.0,78.0,14.0,12.0,45.0,60.0,24.0,2.0,34.0,5.0,5.0,5.0,1.0,1.0,0.81,13.0,13.0,13.0,4.0,50.0,38
464,EvaluatorConstraintSphere.h,2.0,14.0,2.0,14.0,43.0,76.0,1.0,1.0,1.0,1.0,18.0,2.0,11.0,2.0,1.0,2.0,130.0,14.0,28.0,11.0,11.0,76.0,4.0,12.0,17.0,19.0,9.0,0.0,10.0,1.0,1.0,1.0,1.0,0.0,2.71,2.0,2.0,2.0,2.0,72.0,54
465,ConstExternalFieldDipoleForceCompute.cc,2.0,10.0,5.0,17.0,43.0,91.0,1.0,1.0,1.0,1.0,17.0,2.0,10.0,5.0,0.0,4.0,151.0,17.0,40.0,15.0,19.0,91.0,0.0,3.0,22.0,30.0,16.0,0.0,14.0,2.0,2.0,2.0,1.0,1.0,2.27,5.0,5.0,5.0,4.0,89.0,63
469,EvaluatorPairZBL.h,1.0,5.0,1.0,18.0,57.0,101.0,1.0,1.0,1.0,1.0,6.0,1.0,5.0,1.0,1.0,7.0,171.0,18.0,43.0,21.0,19.0,101.0,1.0,14.0,21.0,29.0,19.0,0.0,10.0,2.0,2.0,4.0,1.0,1.0,2.35,8.0,8.0,10.0,7.0,76.0,55
470,BondTablePotentialGPU.cc,4.0,18.0,2.0,25.0,80.0,71.0,2.0,2.0,2.0,1.0,24.0,4.0,18.0,2.0,0.0,4.0,176.0,25.0,76.0,19.0,40.0,71.0,0.0,4.0,30.0,42.0,18.0,1.0,23.0,5.0,5.0,5.0,1.0,2.0,0.93,9.0,9.0,9.0,4.0,95.0,66
471,ParticleGroup.cc,3.0,17.0,3.0,123.0,455.0,218.0,2.0,2.0,3.0,1.0,23.0,3.0,15.0,3.0,0.0,25.0,796.0,118.0,386.0,134.0,193.0,210.0,65.0,19.0,174.0,225.0,96.0,0.0,129.0,5.0,5.0,10.0,1.0,3.0,0.54,48.0,48.0,65.0,25.0,121.0,84
473,test_fenebond_force.cc,11.0,71.0,9.0,61.0,313.0,98.0,3.0,3.0,3.0,1.0,91.0,11.0,71.0,9.0,0.0,4.0,472.0,59.0,285.0,78.0,216.0,95.0,20.0,13.0,239.0,253.0,78.0,0.0,175.0,9.0,9.0,9.0,1.0,3.0,0.33,12.0,12.0,12.0,4.0,106.0,74
474,RandomGenerator.cc,4.0,20.0,4.0,99.0,397.0,213.0,4.0,4.0,5.0,1.0,27.0,4.0,20.0,4.0,1.0,19.0,707.0,99.0,390.0,118.0,252.0,213.0,0.0,7.0,237.0,312.0,97.0,0.0,215.0,16.0,16.0,26.0,6.0,5.0,0.55,73.0,73.0,92.0,37.0,94.0,65
476,IMDInterface.cc,2.0,20.0,2.0,68.0,353.0,114.0,3.0,3.0,4.0,1.0,24.0,2.0,18.0,2.0,0.0,17.0,535.0,64.0,311.0,39.0,193.0,113.0,28.0,21.0,153.0,209.0,34.0,0.0,175.0,11.0,11.0,15.0,3.0,3.0,0.36,56.0,50.0,60.0,23.0,102.0,73
478,test_bd_rigid_updater.cc,24.0,73.0,5.0,62.0,195.0,58.0,7.0,7.0,7.0,1.0,101.0,24.0,73.0,5.0,0.0,2.0,315.0,61.0,167.0,77.0,106.0,58.0,7.0,24.0,136.0,152.0,78.0,0.0,74.0,13.0,13.0,13.0,1.0,4.0,0.35,14.0,14.0,14.0,2.0,36.0,27
480,test_gpu_array.cc,10.0,43.0,6.0,83.0,266.0,106.0,5.0,5.0,5.0,1.0,59.0,10.0,43.0,6.0,0.0,1.0,455.0,21.0,45.0,14.0,23.0,60.0,317.0,13.0,38.0,45.0,16.0,0.0,29.0,5.0,5.0,5.0,1.0,1.0,1.33,5.0,5.0,5.0,1.0,103.0,73
483,CGCMMForceComputeGPU.cc,1.0,12.0,2.0,26.0,91.0,116.0,2.0,2.0,2.0,1.0,15.0,1.0,12.0,2.0,0.0,7.0,233.0,26.0,86.0,27.0,44.0,116.0,0.0,5.0,38.0,54.0,26.0,1.0,27.0,5.0,5.0,5.0,1.0,1.0,1.35,13.0,13.0,14.0,7.0,120.0,81
484,NeighborListBinned.cc,6.0,21.0,3.0,48.0,131.0,71.0,4.0,4.0,6.0,1.0,30.0,6.0,21.0,3.0,0.0,6.0,250.0,48.0,126.0,53.0,81.0,71.0,1.0,5.0,75.0,98.0,49.0,0.0,49.0,16.0,16.0,28.0,1.0,6.0,0.56,22.0,22.0,34.0,6.0,126.0,88
486,SFCPackUpdater.cc,3.0,19.0,3.0,90.0,380.0,173.0,4.0,3.0,4.0,1.0,25.0,3.0,19.0,2.0,0.0,19.0,643.0,90.0,358.0,109.0,237.0,164.0,19.0,12.0,275.0,348.0,110.0,0.0,238.0,27.0,27.0,27.0,1.0,2.0,0.46,69.0,62.0,70.0,19.0,128.0,89
487,hoomd.h,0.0,0.0,0.0,11.0,114.0,54.0,0.0,0.0,0.0,0.0,0.0,0.0,0.0,0.0,0.0,0.0,179.0,11.0,0.0,0.0,0.0,53.0,36.0,114.0,0.0,0.0,0.0,0.0,0.0,0.0,0.0,0.0,0.0,0.0,0.0,0.0,0.0,0.0,0.0,37.0,27
488,mgpuenums.h,0.0,0.0,0.0,9.0,29.0,33.0,0.0,0.0,0.0,0.0,0.0,0.0,0.0,0.0,0.0,0.0,70.0,9.0,28.0,28.0,0.0,33.0,0.0,1.0,5.0,6.0,6.0,0.0,0.0,0.0,0.0,0.0,0.0,0.0,1.18,0.0,0.0,0.0,0.0,7.0,6
489,HOOMDBinaryInitializer.cc,10.0,55.0,9.0,83.0,400.0,130.0,7.0,7.0,7.0,1.0,73.0,10.0,54.0,9.0,0.0,7.0,613.0,83.0,381.0,72.0,280.0,130.0,3.0,17.0,311.0,363.0,72.0,0.0,291.0,33.0,33.0,33.0,1.0,2.0,0.34,48.0,48.0,48.0,7.0,12.0,5
492,WallData.cc,0.0,4.0,0.0,4.0,5.0,54.0,1.0,1.0,1.0,1.0,4.0,0.0,4.0,0.0,0.0,1.0,63.0,4.0,4.0,1.0,1.0,54.0,0.0,1.0,1.0,2.0,1.0,0.0,1.0,1.0,1.0,1.0,1.0,0.0,13.5,1.0,1.0,1.0,1.0,26.0,12
493,TableAngleForceCompute.cc,8.0,29.0,5.0,72.0,208.0,104.0,4.0,4.0,4.0,1.0,42.0,8.0,29.0,5.0,0.0,7.0,383.0,72.0,202.0,64.0,136.0,104.0,0.0,6.0,143.0,171.0,60.0,0.0,111.0,14.0,14.0,16.0,1.0,3.0,0.51,26.0,26.0,29.0,7.0,89.0,63
494,TwoStepNVE.cc,3.0,18.0,2.0,36.0,132.0,84.0,3.0,3.0,3.0,1.0,24.0,3.0,18.0,2.0,0.0,7.0,252.0,36.0,130.0,35.0,76.0,84.0,0.0,2.0,66.0,91.0,32.0,0.0,59.0,9.0,9.0,9.0,1.0,3.0,0.65,24.0,24.0,24.0,7.0,116.0,82
495,ConstraintSphere.cc,3.0,17.0,2.0,35.0,128.0,80.0,3.0,3.0,3.0,1.0,22.0,3.0,17.0,2.0,0.0,7.0,243.0,35.0,124.0,47.0,71.0,80.0,0.0,4.0,71.0,91.0,44.0,0.0,47.0,7.0,7.0,12.0,1.0,2.0,0.65,18.0,18.0,23.0,7.0,110.0,77
496,WorkQueue.h,1.0,9.0,0.0,13.0,62.0,7.0,2.0,2.0,3.0,1.0,10.0,1.0,9.0,0.0,1.0,5.0,81.0,13.0,56.0,15.0,25.0,7.0,0.0,6.0,25.0,35.0,12.0,0.0,23.0,3.0,3.0,4.0,1.0,1.0,0.12,10.0,10.0,13.0,5.0,7.0,6
501,Logger.cc,2.0,15.0,3.0,44.0,188.0,122.0,3.0,3.0,3.0,1.0,19.0,2.0,13.0,2.0,0.0,12.0,354.0,44.0,161.0,25.0,88.0,119.0,16.0,15.0,70.0,108.0,23.0,0.0,85.0,7.0,7.0,7.0,4.0,2.0,0.74,35.0,35.0,38.0,18.0,112.0,78
502,FIREEnergyMinimizer.cc,2.0,18.0,0.0,37.0,188.0,95.0,3.0,3.0,3.0,1.0,21.0,2.0,18.0,0.0,0.0,10.0,320.0,37.0,185.0,49.0,98.0,95.0,0.0,3.0,88.0,116.0,34.0,0.0,82.0,12.0,12.0,14.0,4.0,2.0,0.51,27.0,27.0,32.0,13.0,109.0,77
503,test_gridshift_correct.cc,11.0,69.0,8.0,31.0,146.0,70.0,3.0,3.0,3.0,1.0,86.0,11.0,69.0,8.0,0.0,2.0,244.0,31.0,138.0,42.0,104.0,70.0,0.0,8.0,119.0,124.0,42.0,0.0,82.0,3.0,3.0,3.0,1.0,1.0,0.51,5.0,5.0,5.0,2.0,101.0,71
504,test_morse_force.cc,6.0,32.0,5.0,41.0,168.0,80.0,2.0,2.0,2.0,1.0,43.0,6.0,32.0,5.0,0.0,4.0,289.0,39.0,133.0,56.0,84.0,77.0,25.0,15.0,112.0,122.0,54.0,0.0,68.0,5.0,5.0,5.0,1.0,2.0,0.58,8.0,8.0,8.0,4.0,123.0,84
505,DomainDecomposition.cc,0.0,0.0,0.0,83.0,306.0,105.0,0.0,0.0,0.0,0.0,0.0,0.0,0.0,0.0,0.0,0.0,492.0,3.0,0.0,0.0,0.0,53.0,435.0,8.0,0.0,0.0,0.0,0.0,0.0,0.0,0.0,0.0,0.0,0.0,0.0,0.0,0.0,0.0,0.0,134.0,94
507,EvaluatorPairLJ.h,0.0,4.0,0.0,17.0,55.0,157.0,1.0,1.0,1.0,1.0,5.0,0.0,4.0,0.0,1.0,7.0,224.0,17.0,41.0,19.0,15.0,157.0,1.0,14.0,18.0,27.0,17.0,0.0,10.0,3.0,3.0,4.0,1.0,2.0,3.83,9.0,9.0,10.0,7.0,62.0,47
508,EvaluatorPairGauss.h,0.0,4.0,0.0,17.0,54.0,107.0,1.0,1.0,1.0,1.0,5.0,0.0,4.0,0.0,1.0,7.0,173.0,17.0,40.0,18.0,14.0,107.0,1.0,14.0,17.0,26.0,16.0,0.0,10.0,3.0,3.0,3.0,1.0,2.0,2.67,9.0,9.0,9.0,7.0,62.0,47
510,test_rotmat2.cc,2.0,17.0,4.0,16.0,60.0,60.0,1.0,1.0,1.0,1.0,20.0,2.0,17.0,4.0,0.0,3.0,128.0,16.0,51.0,22.0,30.0,60.0,0.0,9.0,42.0,45.0,22.0,0.0,23.0,1.0,1.0,1.0,1.0,0.0,1.18,3.0,3.0,3.0,3.0,100.0,71
511,test_nvt_integrator.cc,7.0,30.0,3.0,49.0,1168.0,76.0,2.0,2.0,2.0,1.0,39.0,7.0,30.0,3.0,0.0,4.0,1293.0,47.0,1129.0,1068.0,1065.0,73.0,25.0,20.0,100.0,109.0,60.0,0.0,49.0,3.0,3.0,3.0,1.0,2.0,0.06,7.0,7.0,7.0,4.0,39.0,28
512,kiss_fft.cc,3.0,26.0,2.0,57.0,310.0,46.0,7.0,6.0,7.0,1.0,30.0,3.0,24.0,1.0,0.0,12.0,408.0,55.0,292.0,86.0,185.0,42.0,21.0,4.0,276.0,317.0,50.0,15.0,252.0,14.0,14.0,14.0,3.0,4.0,0.14,78.0,74.0,79.0,14.0,16.0,15
513,test_external_periodic.cc,3.0,18.0,2.0,34.0,137.0,82.0,1.0,1.0,1.0,1.0,23.0,3.0,18.0,2.0,0.0,3.0,253.0,25.0,57.0,17.0,40.0,63.0,92.0,16.0,40.0,45.0,19.0,0.0,26.0,1.0,1.0,1.0,1.0,0.0,1.11,3.0,3.0,3.0,3.0,106.0,74
514,ComputeThermoGPU.cc,5.0,21.0,3.0,35.0,108.0,72.0,2.0,2.0,2.0,1.0,28.0,4.0,20.0,3.0,0.0,4.0,213.0,31.0,84.0,24.0,51.0,70.0,19.0,13.0,53.0,65.0,23.0,1.0,41.0,5.0,5.0,5.0,1.0,1.0,0.83,9.0,9.0,9.0,4.0,124.0,89
516,test_bondtable_bond_force.cc,6.0,30.0,3.0,56.0,182.0,80.0,1.0,1.0,1.0,1.0,40.0,6.0,30.0,3.0,0.0,5.0,318.0,54.0,154.0,38.0,108.0,77.0,20.0,14.0,121.0,128.0,40.0,0.0,88.0,1.0,1.0,1.0,1.0,0.0,0.5,5.0,5.0,5.0,5.0,106.0,74
517,HarmonicAngleForceComputeGPU.cc,2.0,12.0,1.0,23.0,64.0,74.0,2.0,2.0,2.0,1.0,15.0,2.0,12.0,1.0,0.0,5.0,161.0,23.0,61.0,17.0,31.0,74.0,0.0,3.0,27.0,39.0,18.0,1.0,20.0,4.0,4.0,4.0,1.0,1.0,1.21,9.0,9.0,9.0,5.0,95.0,66
524,HOOMDMath.cc,2.0,97.0,2.0,8.0,100.0,54.0,1.0,1.0,1.0,1.0,101.0,2.0,79.0,2.0,0.0,1.0,162.0,8.0,80.0,1.0,76.0,54.0,15.0,5.0,25.0,27.0,2.0,0.0,25.0,1.0,1.0,1.0,1.0,0.0,0.68,1.0,1.0,1.0,1.0,121.0,89
525,NeighborListGPU.cc,6.0,27.0,3.0,56.0,195.0,80.0,4.0,4.0,5.0,1.0,35.0,6.0,23.0,3.0,0.0,7.0,331.0,56.0,161.0,40.0,112.0,79.0,23.0,13.0,86.0,115.0,42.0,4.0,69.0,9.0,9.0,15.0,1.0,1.0,0.49,30.0,30.0,38.0,7.0,148.0,107
527,test_zero_momentum_updater.cc,13.0,44.0,9.0,37.0,96.0,72.0,2.0,2.0,2.0,1.0,66.0,13.0,44.0,9.0,0.0,2.0,205.0,37.0,90.0,28.0,67.0,72.0,0.0,6.0,82.0,88.0,30.0,0.0,58.0,2.0,2.0,2.0,1.0,1.0,0.8,4.0,4.0,4.0,2.0,101.0,72
528,ExecutionConfiguration.cc,5.0,30.0,3.0,116.0,481.0,155.0,2.0,2.0,2.0,1.0,38.0,3.0,12.0,1.0,0.0,6.0,750.0,38.0,73.0,34.0,49.0,67.0,529.0,48.0,29.0,43.0,12.0,0.0,31.0,3.0,3.0,3.0,3.0,2.0,0.92,11.0,11.0,11.0,8.0,161.0,120
529,kiss_fftnd.cc,7.0,39.0,12.0,19.0,86.0,101.0,7.0,7.0,7.0,1.0,53.0,7.0,39.0,12.0,0.0,2.0,195.0,19.0,84.0,20.0,59.0,101.0,0.0,2.0,60.0,73.0,20.0,0.0,53.0,7.0,7.0,7.0,1.0,2.0,1.2,13.0,13.0,13.0,2.0,7.0,6
531,LJWallForceCompute.cc,4.0,16.0,4.0,47.0,136.0,102.0,2.0,2.0,2.0,1.0,24.0,4.0,16.0,4.0,0.0,8.0,285.0,47.0,131.0,42.0,86.0,102.0,0.0,5.0,82.0,100.0,38.0,0.0,62.0,6.0,6.0,8.0,1.0,3.0,0.78,16.0,16.0,18.0,8.0,12.0,5
532,test_index1d.cc,0.0,12.0,0.0,20.0,125.0,63.0,1.0,1.0,1.0,1.0,12.0,0.0,12.0,0.0,0.0,10.0,208.0,20.0,121.0,25.0,75.0,63.0,0.0,4.0,91.0,107.0,27.0,0.0,80.0,3.0,3.0,3.0,1.0,2.0,0.52,14.0,14.0,14.0,10.0,91.0,67
